CREATE TABLE IF NOT EXISTS rubro(
	rubro_id int(11) NOT NULL AUTO_INCREMENT,
	rubro_desc char(30),
	CONSTRAINT pk_rubro PRIMARY KEY (rubro_id)
);	

INSERT INTO `rubro` (`rubro_id`, `rubro_desc`) VALUES
(1,'Alimentos y Bebidas'),
(2,'Animales y Mascotas'),
(3,'Antigüedades'),
(4,'Arte y Artesanías'),
(5,'Bebés'),
(6,'Belleza y Cuidado Personal'),
(7,'Cámaras y Accesorios'),
(8,'Celulares y Teléfonos'),
(9,'Coleccionables y Hobbies'),
(10,'Computación'),
(11,'Consolas y Videojuegos'),
(12,'Deportes y Fitness'),
(13,'Electrodomésticos y Aires Ac.'),
(14,'Electrónica, Audio y Video'),
(15,'Entradas para Eventos'),
(16,'Herramientas y Construcción'),
(17,'Hogar, Muebles y Jardín'),
(18,'Industrias y Oficinas'),
(19,'Instrumentos Musicales'),
(20,'Joyas y Relojes');

CREATE TABLE IF NOT EXISTS articulo(
	art_id int(11) NOT NULL AUTO_INCREMENT,
	art_desc char(30), 
	rubro_id int, 
	art_prec_compra decimal(5,2), 
	art_prec_vta decimal(5,2), 
	art_stock int, 
	art_stock_min int,
	CONSTRAINT pk_articulo PRIMARY KEY (art_id),
	CONSTRAINT fk_articulo FOREIGN KEY (rubro_id) REFERENCES rubro(rubro_id)
);


INSERT INTO `articulo`(`art_id`, `art_desc`, `rubro_id`, `art_prec_compra`,`art_prec_vta`, `art_stock`, `art_stock_min`) VALUES 
(1, 'Taza', '15', '25,57', '28,127', '155', '30'),
(2, 'Licor yerba mate "Elixcor"', '13', '77,84', '85,624', '197', '30'),
(3, 'Licor yerba mate caja', '20', '72,19', '79,409', '283', '30'),
(4, 'Azúcar sin refinar', '18', '85,74', '94,314', '272', '30'),
(5, 'Azucar refinada', '16', '68,98', '75,878', '3', '30'),
(6, 'Licor mandarina (petaca)', '15', '92,99', '102,289', '76', '30'),
(7, 'Licor jabuticaba (petaca)', '4', '91,61', '100,771', '219', '30'),
(8, 'Mate cuero', '15', '57,85', '63,635', '91', '30'),
(9, 'Termo de cuero', '5', '53,76', '59,136', '966', '30'),
(10, 'Mate forrado cuero', '2', '50,8', '55,88', '780', '30'),
(11, 'Porta termo cuero', '20', '38,14', '41,954', '340', '30'),
(12, 'Llavero misiones', '2', '94,51', '103,961', '943', '30'),
(13, 'Mate porongo', '10', '28,17', '30,987', '996', '30'),
(14, 'Llavero', '4', '71,56', '78,716', '864', '30'),
(15, 'Taza sublimada', '2', '77,87', '85,657', '882', '30'),
(16, 'Mer. maracuya x 360gs', '5', '80,86', '88,946', '185', '30'),
(17, 'Mer. maracuya x 190gs', '9', '17,17', '18,887', '660', '30'),
(18, 'Mer. tomate x 360gs', '20', '50,62', '55,682', '972', '30'),
(19, 'Mer. tomate x 190gs', '6', '62,32', '68,552', '497', '30'),
(20, 'Mer. tomate x 360gs', '15', '62,89', '69,179', '455', '30'),
(21, 'Mer. rosella x 250gs', '17', '97,40', '107,14', '241', '30'),
(22, 'Mermelada de naranja (190g)', '9', '41,21', '45,331', '801', '30'),
(23, 'Mer. mandarina x 360gs', '15', '36,98', '40,678', '536', '30'),
(24, 'Mer. mandarina x 190gs', '15', '37,82', '41,602', '936', '30'),
(25, 'Mer. mamon x 360gs', '13', '34,79', '38,269', '523', '30'),
(26, 'Mer. mamon x 190gs', '8', '2,65', '2,915', '859', '30'),
(27, 'Mamon alm. x 360gs', '13', '65,60', '72,16', '72', '30'),
(28, 'Mamon alm. x 800gs', '11', '7,45', '8,195', '135', '30'),
(29, 'Bandeja de regalo x 2', '11', '40,31', '44,341', '57', '30'),
(30, 'Bandeja de regalo x 3', '20', '29,95', '32,945', '81', '30'),
(31, 'Quinoto en alm x 360gs', '8', '84,42', '92,862', '412', '30'),
(32, 'Quinoto en alm x 190gs', '20', '10,27', '11,297', '582', '30'),
(33, 'Quinoto en alm x 800gs', '10', '24,29', '26,719', '77', '30'),
(34, 'Muñeco tejido', '5', '78,79', '86,669', '104', '30'),
(35, 'Muñeco para pintar', '4', '14,65', '16,115', '802', '30'),
(36, 'Mate c/ base', '7', '60,84', '66,924', '339', '30'),
(37, 'Porta celular', '8', '65,68', '72,248', '31', '30'),
(38, 'Posa fuente', '4', '79,64', '87,604', '413', '30'),
(39, 'Llavero tucan', '5', '94,32', '103,752', '857', '30'),
(40, 'Monedero', '12', '95,65', '105,215', '740', '30'),
(41, 'Guirnalda', '4', '50,20', '55,22', '820', '30'),
(42, 'Llavero jacinto', '15', '69,16', '76,076', '615', '30'),
(43, 'Llavero corazon', '16', '46,99', '51,689', '16', '30'),
(44, 'Tic Tac', '11', '76,30', '83,93', '637', '30'),
(45, 'Gomitas', '3', '67,40', '74,14', '463', '30'),
(46, 'Llavero crochet', '7', '7,17', '7,887', '825', '30'),
(47, 'Llavero pac', '11', '11,58', '12,738', '984', '30'),
(48, 'Galletitas chicas', '14', '90,46', '99,506', '260', '30'),
(49, 'Galletitas grandes', '2', '64,24', '70,664', '870', '30'),
(50, 'Rosquitos', '12', '20,49', '22,539', '525', '30'),
(51, 'Pepona', '4', '21,80', '23,98', '693', '30'),
(52, 'Elefante', '11', '34,58', '38,038', '947', '30'),
(53, 'Cuello', '11', '89,58', '98,538', '819', '30'),
(54, 'Cuello grande', '18', '84,74', '93,214', '267', '30'),
(55, 'Osito', '19', '86,29', '94,919', '753', '30'),
(56, 'Conejo', '7', '58,3', '64,13', '183', '30'),
(57, 'Hipopotamo', '14', '84,47', '92,917', '19', '30'),
(58, 'Tortuga', '5', '93,19', '102,509', '295', '30'),
(59, 'Pesebre x 4 unidades', '13', '35,1', '38,61', '812', '30'),
(60, 'Pesebre red- cuad', '17', '50,50', '55,55', '779', '30'),
(61, 'Mini pesebre', '14', '90,35', '99,385', '354', '30'),
(62, 'Porta Lapices', '3', '69,63', '76,593', '490', '30'),
(63, 'Llav.jac, tierra y yerba', '3', '29,59', '32,549', '461', '30'),
(64, 'Tronco c/ frasco', '9', '79,56', '87,516', '611', '30'),
(65, 'Florero palmera', '17', '41,94', '46,134', '33', '30'),
(66, 'sobre palmera chico', '19', '27,7', '30,47', '42', '30'),
(67, 'Porta llaves chico', '2', '84,25', '92,675', '552', '30'),
(68, 'Porta termo cuerina', '1', '62,8', '69,08', '967', '30'),
(69, 'Porta llaves chicvato', '11', '47,55', '52,305', '347', '30'),
(70, 'Termolar forrado', '16', '12,74', '14,014', '905', '30'),
(71, 'Pesebre pomelo', '6', '10,29', '11,319', '890', '30'),
(72, 'Pesebre palta-pomelo', '3', '89,13', '98,043', '475', '30'),
(73, 'Vaso tere', '15', '70,25', '77,275', '234', '30'),
(74, 'Cuenco cer. c/canasto', '2', '75,98', '83,578', '415', '30'),
(75, 'Souvenir yerba', '10', '88,75', '97,625', '251', '30'),
(76, 'Souvenir tierra', '18', '61,5', '67,65', '549', '30'),
(77, 'Souvenir te', '5', '87,31', '96,041', '602', '30'),
(78, 'Stevia hoja', '14', '5,90', '6,49', '377', '30'),
(79, 'Mate cocido c/stevia', '14', '98,68', '108,548', '600', '30'),
(80, 'Te verde c/stevia', '8', '61,94', '68,134', '489', '30'),
(81, 'Stevia molida', '18', '51,2', '56,32', '665', '30'),
(82, 'Reloj pajaro', '10', '84,82', '93,302', '608', '30'),
(83, 'Anotador en madera (16,5 x 26,5)', '1', '81,13', '89,243', '215', '30'),
(84, 'Anotador en madera (12 x 17)', '7', '90,9', '99,99', '675', '30'),
(85, 'Anotador en madera (9 x 13)', '17', '56,32', '61,952', '165', '30'),
(86, 'Anotador en madera chico', '11', '55,91', '61,501', '152', '30'),
(87, 'Caja posavasos', '18', '11,57', '12,727', '95', '30'),
(88, 'Caja Wisky', '15', '91,97', '101,167', '803', '30'),
(89, 'Caja de te x 2', '17', '3,33', '3,663', '390', '30'),
(90, 'Caja naipes truco', '20', '27,36', '30,096', '328', '30'),
(91, 'Juego escritorio', '14', '45,74', '50,314', '743', '30'),
(92, 'Ordenador de escritorio', '3', '19,10', '21,01', '702', '30'),
(93, 'Reloj iconografia misiones', '19', '61,17', '67,287', '407', '30'),
(94, 'Caja saumerio', '12', '4,54', '4,994', '393', '30'),
(95, 'Caja te sin cierre', '11', '84,33', '92,763', '859', '30'),
(96, 'Caja te con cierre', '16', '88,76', '97,636', '134', '30'),
(97, 'Zapallo en alm. x 480gs', '1', '94,61', '104,071', '724', '30'),
(98, 'Berenjenas x 480gs', '3', '83,6', '91,96', '809', '30'),
(99, 'Pickle x 480gs', '20', '46,18', '50,798', '991', '30'),
(100, 'Pepino x 480gs', '10', '72,40', '79,64', '853', '30'),
(101, 'Higo en alm. x 480gs', '5', '37,17', '40,887', '923', '30'),
(102, 'Guayaba en alm x 480gs', '16', '17,6', '19,36', '18', '30'),
(103, 'Mamon en alm. x 480gs', '6', '37,49', '41,239', '508', '30'),
(104, 'Naranja en alm x 480gs', '20', '78,4', '86,24', '375', '30'),
(105, 'Quinoto en alm x 480gs', '18', '37,30', '41,03', '463', '30'),
(106, 'Zapallo en alm x 820gs', '6', '64,80', '71,28', '217', '30'),
(107, 'Mer. guayaba x 250gs', '20', '86,80', '95,48', '519', '30'),
(108, 'Mer. mamon x 250gs', '10', '76,64', '84,304', '108', '30'),
(109, 'Mer. naranja x 250gs', '9', '37,43', '41,173', '907', '30'),
(110, 'Mer. naranja x 45gs', '11', '25,7', '28,27', '792', '30'),
(111, 'Mer. mamon x 45gs', '4', '39,33', '43,263', '522', '30'),
(112, 'Mer. rosella x 45gs', '17', '75,44', '82,984', '976', '30'),
(113, 'Caja empresarial', '10', '48,62', '53,482', '389', '30'),
(114, 'Dulce cajita x 2', '1', '97,9', '107,69', '993', '30'),
(115, 'Cuadro Selva Misionera', '18', '95,55', '105,105', '651', '30'),
(116, 'Adorno CD reciclado', '17', '40,86', '44,946', '193', '30'),
(117, 'Pipper', '18', '34,28', '37,708', '930', '30'),
(118, 'Cañon azul noche', '5', '75,72', '83,292', '905', '30'),
(119, 'Guitarra con posador', '8', '36,30', '39,93', '323', '30'),
(120, 'Cañon azul noche', '2', '78,52', '86,372', '594', '30'),
(121, 'Bombardas', '16', '23,10', '25,41', '620', '30'),
(122, 'Avion dagger', '16', '44,25', '48,675', '15', '30'),
(123, 'Moto pistera', '18', '18,50', '20,35', '17', '30'),
(124, 'Moto grande azul', '15', '96,82', '106,502', '837', '30'),
(125, 'Daguer fuerza aerea', '8', '88,4', '97,24', '307', '30'),
(126, 'Garronero', '7', '37,42', '41,162', '462', '30'),
(127, 'Charly Garcia', '6', '94,29', '103,719', '666', '30'),
(128, 'Quijote', '12', '93,66', '103,026', '795', '30'),
(129, 'Llavero tortuga grande', '7', '44,61', '49,071', '596', '30'),
(130, 'Llavero tortuga chica', '11', '88,65', '97,515', '601', '30'),
(131, 'Quijote chico', '1', '61,71', '67,881', '855', '30'),
(132, 'Quijote mediano', '4', '61,77', '67,947', '684', '30'),
(133, 'Quijote Grande', '16', '24,90', '27,39', '470', '30'),
(134, 'Llavero vitro', '20', '71,79', '78,969', '611', '30'),
(135, 'Porta saumerio', '8', '40,15', '44,165', '597', '30'),
(136, 'Anillo', '7', '1,86', '2,046', '832', '30'),
(137, 'Aros chicos', '18', '16,25', '17,875', '756', '30'),
(138, 'Aros grandes', '19', '36,99', '40,689', '750', '30'),
(139, 'Collar cadena grande', '5', '34,53', '37,983', '990', '30'),
(140, 'Collar cadena chica', '18', '88,19', '97,009', '486', '30'),
(141, 'Collar hilo', '2', '18,58', '20,438', '23', '30'),
(142, 'Collar vs piedras', '10', '48,45', '53,295', '268', '30'),
(143, 'Collar vs', '4', '32,91', '36,201', '454', '30'),
(144, 'Pañuelos DC- MIK', '18', '5,26', '5,786', '744', '30'),
(145, 'Pañ. tinte natural caja', '7', '7,14', '7,854', '204', '30'),
(146, 'Pañuelo Edicion Especial', '9', '15,16', '16,676', '151', '30'),
(147, 'Remera Posadas', '18', '68,21', '75,031', '551', '30'),
(148, 'Remera Arboles', '3', '34,4', '37,84', '504', '30'),
(149, 'Tucan', '15', '75,58', '83,138', '407', '30'),
(150, 'Coati', '20', '81,78', '89,958', '628', '30'),
(151, 'Oso hormiguero', '9', '88,63', '97,493', '655', '30'),
(152, 'Oso hormiguero1', '13', '36,95', '40,645', '330', '30'),
(153, 'Mariposa', '12', '28,10', '30,91', '918', '30'),
(154, 'Móvil “Güembé”', '15', '52,18', '57,398', '815', '30'),
(155, 'Pesebre calabaza', '5', '8,63', '9,493', '819', '30'),
(156, 'Pesebre calabacita', '15', '48,71', '53,581', '237', '30'),
(157, 'Pajarito con alas', '10', '75,55', '83,105', '354', '30'),
(158, 'Lechuza marron', '7', '5,89', '6,479', '945', '30'),
(159, 'Hoja guaembe + bocha', '3', '51,73', '56,903', '264', '30'),
(160, 'Bandeja oso hormiguero', '6', '6,59', '7,249', '734', '30'),
(161, 'Bandeja mono', '20', '98,78', '108,658', '304', '30'),
(162, 'Bandeja mariposa(2)', '20', '81,37', '89,507', '418', '30'),
(163, 'Pesebre vasija', '18', '22,56', '24,816', '823', '30'),
(164, 'Pesebre palta', '20', '67,74', '74,514', '877', '30'),
(165, 'Pesebre cascara', '18', '95,10', '104,61', '547', '30'),
(166, 'Lechuza02', '15', '18,37', '20,207', '258', '30'),
(167, 'Lechuza05', '6', '47,46', '52,206', '566', '30'),
(168, 'Lechuza06', '13', '21,55', '23,705', '696', '30'),
(169, 'Lechuza 07', '13', '56,57', '62,227', '133', '30'),
(170, 'Mariposa01', '12', '98,54', '108,394', '664', '30'),
(171, 'Mariposa02', '7', '56,45', '62,095', '521', '30'),
(172, 'Porta llaves 01', '11', '66,77', '73,447', '156', '30'),
(173, 'Mermelada de ananá y romero', '20', '37,84', '41,624', '171', '30'),
(174, 'Mermelada de rosella', '11', '79,43', '87,373', '46', '30'),
(175, 'Chut mango sem vainilla', '18', '12,63', '13,893', '147', '30'),
(176, 'Chut mang tomates', '5', '13,89', '15,279', '691', '30'),
(177, 'Chut mang dat', '1', '26,53', '29,183', '184', '30'),
(178, 'Chut mang especias', '8', '76,99', '84,689', '279', '30'),
(179, 'Hot mango chutney', '15', '44,2', '48,62', '704', '30'),
(180, 'Mango chut haw.', '10', '1,53', '1,683', '437', '30'),
(181, 'plantilla fieltro', '5', '35,63', '39,193', '273', '30'),
(182, 'Manopla', '14', '8,78', '9,658', '9', '30'),
(183, 'Mono lana', '16', '54,80', '60,28', '209', '30'),
(184, 'Movil lana', '9', '37,37', '41,107', '533', '30'),
(185, 'Prendedor lana', '6', '51,3', '56,43', '122', '30'),
(186, 'Móvil "Loro"', '1', '93,68', '103,048', '437', '30'),
(187, 'Tucan lana', '11', '34,93', '38,423', '979', '30'),
(188, 'Pompones', '10', '45,74', '50,314', '241', '30'),
(189, 'Hoja 5', '13', '9,33', '10,263', '117', '30'),
(190, 'Cuenco', '4', '32,19', '35,409', '426', '30'),
(191, 'Base x 3 cuencos', '1', '88,75', '97,625', '120', '30'),
(192, 'Base x 2 cuencos', '4', '51,5', '56,65', '163', '30'),
(193, 'Llavero tierra', '3', '51,97', '57,167', '426', '30'),
(194, 'Collar tierra', '17', '55,63', '61,193', '731', '30'),
(195, 'Cuenco rojo pequeño', '2', '10,44', '11,484', '437', '30'),
(196, 'Hoja chica', '9', '6,24', '6,864', '569', '30'),
(197, 'Muñeca vellon', '18', '80,49', '88,539', '945', '30'),
(198, 'Escarapela de vellón', '16', '5,40', '5,94', '810', '30'),
(199, 'Cuencos', '3', '69,62', '76,582', '419', '30'),
(200, 'Cuenco', '9', '74,46', '81,906', '668', '30'),
(201, 'Plato Ojo de yacare', '19', '60,66', '66,726', '413', '30'),
(202, 'Taza', '19', '99,62', '109,582', '1', '30'),
(203, 'Taza chop', '18', '3,66', '4,026', '875', '30'),
(204, 'Botella roja', '8', '72,66', '79,926', '687', '30'),
(205, 'Botella roja (otra)', '9', '95,79', '105,369', '839', '30'),
(206, 'Dije', '8', '60,30', '66,33', '799', '30'),
(207, 'Collar', '18', '92,30', '101,53', '788', '30'),
(208, 'Collar Mboyere', '20', '87,32', '96,052', '800', '30'),
(209, 'Azucarero natural', '8', '60,75', '66,825', '655', '30'),
(210, 'Plato pintado', '14', '18,66', '20,526', '597', '30'),
(211, 'Hoja G. verde', '4', '35,97', '39,567', '696', '30'),
(212, 'Cipsela', '4', '25,51', '28,061', '248', '30'),
(213, 'Ysyry', '11', '89,15', '98,065', '585', '30'),
(214, 'Canasto', '12', '81,9', '90,09', '517', '30'),
(215, 'Movil triple', '20', '57,76', '63,536', '708', '30'),
(216, 'Dije azul', '5', '25,19', '27,709', '498', '30'),
(217, 'Dije con trama textil', '2', '11,89', '13,079', '350', '30'),
(218, 'Colgante cuero detras', '12', '34,83', '38,313', '933', '30'),
(219, 'Pote de yerba', '3', '28,71', '31,581', '823', '30'),
(220, 'Caja de te', '12', '17,53', '19,283', '912', '30'),
(221, 'Camion encastre', '14', '2,80', '3,08', '737', '30'),
(222, 'Tatu de arrastre', '3', '16,1', '17,71', '826', '30'),
(223, 'Kit Selva', '20', '1,65', '1,815', '801', '30'),
(224, 'Rompecabeza Tucan', '3', '66,59', '73,249', '199', '30'),
(225, 'Huevo de cod. c/mostaza', '6', '44,86', '49,346', '433', '30'),
(226, 'Huevo de cod. c/provenzal', '2', '26,45', '29,095', '391', '30'),
(227, 'Huevo de cod. c/zan.', '2', '72,97', '80,267', '270', '30'),
(228, 'Set asado', '12', '1,59', '1,749', '855', '30'),
(229, 'Porta termo con bordado', '9', '33,86', '37,246', '306', '30'),
(230, 'Porta termo', '13', '49,93', '54,923', '218', '30'),
(231, 'Termo bordado', '7', '51,6', '56,76', '84', '30'),
(232, 'Vaso terere', '10', '43,53', '47,883', '949', '30'),
(233, 'Termos forrados', '7', '74,43', '81,873', '493', '30'),
(234, 'Mate forrado c/bombilla', '17', '80,57', '88,627', '914', '30'),
(235, 'Escarapela vitrofusion', '15', '53,48', '58,828', '216', '30'),
(236, 'Llavero vitrofusion', '7', '72,60', '79,86', '802', '30'),
(237, 'Plato vitro chico', '14', '90,2', '99,22', '720', '30'),
(238, 'Plato vitro mediano', '1', '21,76', '23,936', '263', '30'),
(239, 'Movil vitro x 3 piezas', '1', '55,41', '60,951', '639', '30'),
(240, 'Anillo en vitrofusion', '11', '92,47', '101,717', '597', '30'),
(241, 'Aros en vitrofusion', '3', '35,21', '38,731', '787', '30'),
(242, 'Collar en vitrof. chico', '4', '12,53', '13,783', '876', '30'),
(243, 'Collar en vitrof. mediano', '7', '54,60', '60,06', '695', '30'),
(244, 'Te verde con stevia', '4', '36,7', '40,37', '493', '30'),
(245, 'Te negro con stevia', '14', '70,49', '77,539', '34', '30'),
(246, 'Manzanilla con stevia', '11', '57,58', '63,338', '848', '30'),
(247, 'Matecocido con stevia', '7', '75,7', '83,27', '429', '30'),
(248, 'Hierbas con stevia', '14', '42,1', '46,31', '555', '30'),
(249, 'Boina', '17', '60,23', '66,253', '910', '30'),
(250, 'Gorra lana', '17', '85,75', '94,325', '56', '30'),
(251, 'Yacare lana', '13', '4,2', '4,62', '279', '30'),
(252, 'Llaveros', '2', '26,36', '28,996', '709', '30'),
(253, 'Iman lana', '3', '70,39', '77,429', '499', '30'),
(254, 'Vincha mariposa', '4', '38,81', '42,691', '659', '30'),
(255, 'Pie de cama', '14', '78,71', '86,581', '236', '30'),
(256, 'Coati lana', '10', '12,97', '14,267', '950', '30'),
(257, 'Posa fuente', '1', '50,97', '56,067', '901', '30'),
(258, 'Oveja lana', '4', '35,16', '38,676', '788', '30'),
(259, 'Tubo yerba', '1', '35,74', '39,314', '348', '30'),
(260, 'Tubo te', '19', '42,86', '47,146', '279', '30'),
(261, 'Colgante alpaca', '19', '30,2', '33,22', '987', '30'),
(262, 'Anillo ceramica', '1', '28,98', '31,878', '596', '30'),
(263, 'Carpincho bb', '18', '38,95', '42,845', '985', '30'),
(264, 'Carpincho tierra colorada', '5', '49,79', '54,769', '136', '30'),
(265, 'Mini botella roja', '19', '3,14', '3,454', '874', '30'),
(266, 'Mini botella roja (otra)', '19', '58,99', '64,889', '650', '30'),
(267, 'Mate con esmalte', '17', '60,34', '66,374', '828', '30'),
(268, 'Mate con cesteria', '18', '75,47', '83,017', '676', '30'),
(269, 'Mate c/cesteria (grande)', '9', '51,85', '57,035', '886', '30'),
(270, 'Bombilla con firulete', '16', '50,84', '55,924', '106', '30'),
(271, 'Bombilla con cesteria', '11', '44,50', '48,95', '924', '30'),
(272, 'Mate de gress', '2', '45,4', '49,94', '857', '30'),
(273, 'Mate forrado grande', '7', '98,34', '108,174', '432', '30'),
(274, 'Mate bordo', '8', '25,72', '28,292', '232', '30'),
(275, 'Botella roja grande', '11', '92,63', '101,893', '498', '30'),
(276, 'Botella caramelo/negra', '13', '28,12', '30,932', '137', '30'),
(277, 'Botella delgada', '12', '31,21', '34,331', '432', '30'),
(278, 'Pez azul', '12', '64,82', '71,302', '616', '30'),
(279, 'Taza azul', '4', '74,95', '82,445', '401', '30'),
(280, 'Mate con linea verde', '3', '97,67', '107,437', '599', '30'),
(281, 'Mate con linea verde (otro)', '4', '68,52', '75,372', '445', '30'),
(282, 'Movil Hada', '19', '46,38', '51,018', '848', '30'),
(283, 'Movil Pajaro', '17', '65,23', '71,753', '237', '30'),
(284, 'Movil grande', '15', '68,40', '75,24', '412', '30'),
(285, 'Movil bebe', '4', '21,83', '24,013', '627', '30'),
(286, 'Movil mariposa', '16', '91,17', '100,287', '536', '30'),
(287, 'Movil en vitrofusion', '3', '76,10', '83,71', '227', '30'),
(288, 'Collar en vitrofusion', '8', '15,57', '17,127', '852', '30'),
(289, 'Stevia dulce x 100 sobres', '16', '86,90', '95,59', '982', '30'),
(290, 'Endulzante stevia x 100 gs', '18', '72,60', '79,86', '265', '30'),
(291, 'End. liquido x 100cc', '10', '26,67', '29,337', '814', '30'),
(292, 'Hoja stevia x15 gs', '11', '67,37', '74,107', '570', '30'),
(293, 'Te stevia x 25 saquitos', '2', '98,94', '108,834', '197', '30'),
(294, 'Lienzo en oleo', '19', '93,26', '102,586', '540', '30'),
(295, 'Cuadro (color)', '15', '76,99', '84,689', '870', '30'),
(296, 'Cuadro lapiz digital', '1', '82,3', '90,53', '358', '30'),
(297, 'Remera spum', '12', '56,47', '62,117', '447', '30');






CREATE TABLE IF NOT EXISTS provincia(
	prov_id int,
	prov_desc char(70),
	CONSTRAINT pk_provincia PRIMARY KEY (prov_id)
);

INSERT INTO `provincia` (`prov_id`, `prov_desc`) VALUES
(1, 'Buenos Aires'),
(2, 'Buenos Aires-GBA'),
(3, 'Capital Federal'),
(4, 'Catamarca'),
(5, 'Chaco'),
(6, 'Chubut'),
(7, 'Córdoba'),
(8, 'Corrientes'),
(9, 'Entre Ríos'),
(10, 'Formosa'),
(11, 'Jujuy'),
(12, 'La Pampa'),
(13, 'La Rioja'),
(14, 'Mendoza'),
(15, 'Misiones'),
(16, 'Neuquén'),
(17, 'Río Negro'),
(18, 'Salta'),
(19, 'San Juan'),
(20, 'San Luis'),
(21, 'Santa Cruz'),
(22, 'Santa Fe'),
(23, 'Santiago del Estero'),
(24, 'Tierra del Fuego'),
(25, 'Tucumán');






CREATE TABLE IF NOT EXISTS localidad(
  	loc_id int(11) NOT NULL AUTO_INCREMENT,
  	loc_des varchar(50),
  	prov_id int,
	CONSTRAINT pk_localidad PRIMARY KEY (loc_id),
  	CONSTRAINT fk_provincia FOREIGN KEY (prov_id) REFERENCES provincia(prov_id)
);

INSERT INTO `localidad` (`loc_id`, `prov_id`, `loc_des`) VALUES
(1, 1, '25 de Mayo'),
(2, 1, '3 de febrero'),
(3, 1, 'A. Alsina'),
(4, 1, 'A. Gonzáles Cháves'),
(5, 1, 'Aguas Verdes'),
(6, 1, 'Alberti'),
(7, 1, 'Arrecifes'),
(8, 1, 'Ayacucho'),
(9, 1, 'Azul'),
(10, 1, 'Bahía Blanca'),
(11, 1, 'Balcarce'),
(12, 1, 'Baradero'),
(13, 1, 'Benito Juárez'),
(14, 1, 'Berisso'),
(15, 1, 'Bolívar'),
(16, 1, 'Bragado'),
(17, 1, 'Brandsen'),
(18, 1, 'Campana'),
(19, 1, 'Cañuelas'),
(20, 1, 'Capilla del Señor'),
(21, 1, 'Capitán Sarmiento'),
(22, 1, 'Carapachay'),
(23, 1, 'Carhue'),
(24, 1, 'Cariló'),
(25, 1, 'Carlos Casares'),
(26, 1, 'Carlos Tejedor'),
(27, 1, 'Carmen de Areco'),
(28, 1, 'Carmen de Patagones'),
(29, 1, 'Castelli'),
(30, 1, 'Chacabuco'),
(31, 1, 'Chascomús'),
(32, 1, 'Chivilcoy'),
(33, 1, 'Colón'),
(34, 1, 'Coronel Dorrego'),
(35, 1, 'Coronel Pringles'),
(36, 1, 'Coronel Rosales'),
(37, 1, 'Coronel Suarez'),
(38, 1, 'Costa Azul'),
(39, 1, 'Costa Chica'),
(40, 1, 'Costa del Este'),
(41, 1, 'Costa Esmeralda'),
(42, 1, 'Daireaux'),
(43, 1, 'Darregueira'),
(44, 1, 'Del Viso'),
(45, 1, 'Dolores'),
(46, 1, 'Don Torcuato'),
(47, 1, 'Ensenada'),
(48, 1, 'Escobar'),
(49, 1, 'Exaltación de la Cruz'),
(50, 1, 'Florentino Ameghino'),
(51, 1, 'Garín'),
(52, 1, 'Gral. Alvarado'),
(53, 1, 'Gral. Alvear'),
(54, 1, 'Gral. Arenales'),
(55, 1, 'Gral. Belgrano'),
(56, 1, 'Gral. Guido'),
(57, 1, 'Gral. Lamadrid'),
(58, 1, 'Gral. Las Heras'),
(59, 1, 'Gral. Lavalle'),
(60, 1, 'Gral. Madariaga'),
(61, 1, 'Gral. Pacheco'),
(62, 1, 'Gral. Paz'),
(63, 1, 'Gral. Pinto'),
(64, 1, 'Gral. Pueyrredón'),
(65, 1, 'Gral. Rodríguez'),
(66, 1, 'Gral. Viamonte'),
(67, 1, 'Gral. Villegas'),
(68, 1, 'Guaminí'),
(69, 1, 'Guernica'),
(70, 1, 'Hipólito Yrigoyen'),
(71, 1, 'Ing. Maschwitz'),
(72, 1, 'Junín'),
(73, 1, 'La Plata'),
(74, 1, 'Laprida'),
(75, 1, 'Las Flores'),
(76, 1, 'Las Toninas'),
(77, 1, 'Leandro N. Alem'),
(78, 1, 'Lincoln'),
(79, 1, 'Loberia'),
(80, 1, 'Lobos'),
(81, 1, 'Los Cardales'),
(82, 1, 'Los Toldos'),
(83, 1, 'Lucila del Mar'),
(84, 1, 'Luján'),
(85, 1, 'Magdalena'),
(86, 1, 'Maipú'),
(87, 1, 'Mar Chiquita'),
(88, 1, 'Mar de Ajó'),
(89, 1, 'Mar de las Pampas'),
(90, 1, 'Mar del Plata'),
(91, 1, 'Mar del Tuyú'),
(92, 1, 'Marcos Paz'),
(93, 1, 'Mercedes'),
(94, 1, 'Miramar'),
(95, 1, 'Monte'),
(96, 1, 'Monte Hermoso'),
(97, 1, 'Munro'),
(98, 1, 'Navarro'),
(99, 1, 'Necochea'),
(100, 1, 'Olavarría'),
(101, 1, 'Partido de la Costa'),
(102, 1, 'Pehuajó'),
(103, 1, 'Pellegrini'),
(104, 1, 'Pergamino'),
(105, 1, 'Pigüé'),
(106, 1, 'Pila'),
(107, 1, 'Pilar'),
(108, 1, 'Pinamar'),
(109, 1, 'Pinar del Sol'),
(110, 1, 'Polvorines'),
(111, 1, 'Pte. Perón'),
(112, 1, 'Puán'),
(113, 1, 'Punta Indio'),
(114, 1, 'Ramallo'),
(115, 1, 'Rauch'),
(116, 1, 'Rivadavia'),
(117, 1, 'Rojas'),
(118, 1, 'Roque Pérez'),
(119, 1, 'Saavedra'),
(120, 1, 'Saladillo'),
(121, 1, 'Salliqueló'),
(122, 1, 'Salto'),
(123, 1, 'San Andrés de Giles'),
(124, 1, 'San Antonio de Areco'),
(125, 1, 'San Antonio de Padua'),
(126, 1, 'San Bernardo'),
(127, 1, 'San Cayetano'),
(128, 1, 'San Clemente del Tuyú'),
(129, 1, 'San Nicolás'),
(130, 1, 'San Pedro'),
(131, 1, 'San Vicente'),
(132, 1, 'Santa Teresita'),
(133, 1, 'Suipacha'),
(134, 1, 'Tandil'),
(135, 1, 'Tapalqué'),
(136, 1, 'Tordillo'),
(137, 1, 'Tornquist'),
(138, 1, 'Trenque Lauquen'),
(139, 1, 'Tres Lomas'),
(140, 1, 'Villa Gesell'),
(141, 1, 'Villarino'),
(142, 1, 'Zárate'),
(143, 2, '11 de Septiembre'),
(144, 2, '20 de Junio'),
(145, 2, '25 de Mayo'),
(146, 2, 'Acassuso'),
(147, 2, 'Adrogué'),
(148, 2, 'Aldo Bonzi'),
(149, 2, 'Área Reserva Cinturón Ecológico'),
(150, 2, 'Avellaneda'),
(151, 2, 'Banfield'),
(152, 2, 'Barrio Parque'),
(153, 2, 'Barrio Santa Teresita'),
(154, 2, 'Beccar'),
(155, 2, 'Bella Vista'),
(156, 2, 'Berazategui'),
(157, 2, 'Bernal Este'),
(158, 2, 'Bernal Oeste'),
(159, 2, 'Billinghurst'),
(160, 2, 'Boulogne'),
(161, 2, 'Burzaco'),
(162, 2, 'Carapachay'),
(163, 2, 'Caseros'),
(164, 2, 'Castelar'),
(165, 2, 'Churruca'),
(166, 2, 'Ciudad Evita'),
(167, 2, 'Ciudad Madero'),
(168, 2, 'Ciudadela'),
(169, 2, 'Claypole'),
(170, 2, 'Crucecita'),
(171, 2, 'Dock Sud'),
(172, 2, 'Don Bosco'),
(173, 2, 'Don Orione'),
(174, 2, 'El Jagüel'),
(175, 2, 'El Libertador'),
(176, 2, 'El Palomar'),
(177, 2, 'El Tala'),
(178, 2, 'El Trébol'),
(179, 2, 'Ezeiza'),
(180, 2, 'Ezpeleta'),
(181, 2, 'Florencio Varela'),
(182, 2, 'Florida'),
(183, 2, 'Francisco Álvarez'),
(184, 2, 'Gerli'),
(185, 2, 'Glew'),
(186, 2, 'González Catán'),
(187, 2, 'Gral. Lamadrid'),
(188, 2, 'Grand Bourg'),
(189, 2, 'Gregorio de Laferrere'),
(190, 2, 'Guillermo Enrique Hudson'),
(191, 2, 'Haedo'),
(192, 2, 'Hurlingham'),
(193, 2, 'Ing. Sourdeaux'),
(194, 2, 'Isidro Casanova'),
(195, 2, 'Ituzaingó'),
(196, 2, 'José C. Paz'),
(197, 2, 'José Ingenieros'),
(198, 2, 'José Marmol'),
(199, 2, 'La Lucila'),
(200, 2, 'La Reja'),
(201, 2, 'La Tablada'),
(202, 2, 'Lanús'),
(203, 2, 'Llavallol'),
(204, 2, 'Loma Hermosa'),
(205, 2, 'Lomas de Zamora'),
(206, 2, 'Lomas del Millón'),
(207, 2, 'Lomas del Mirador'),
(208, 2, 'Longchamps'),
(209, 2, 'Los Polvorines'),
(210, 2, 'Luis Guillón'),
(211, 2, 'Malvinas Argentinas'),
(212, 2, 'Martín Coronado'),
(213, 2, 'Martínez'),
(214, 2, 'Merlo'),
(215, 2, 'Ministro Rivadavia'),
(216, 2, 'Monte Chingolo'),
(217, 2, 'Monte Grande'),
(218, 2, 'Moreno'),
(219, 2, 'Morón'),
(220, 2, 'Muñiz'),
(221, 2, 'Olivos'),
(222, 2, 'Pablo Nogués'),
(223, 2, 'Pablo Podestá'),
(224, 2, 'Paso del Rey'),
(225, 2, 'Pereyra'),
(226, 2, 'Piñeiro'),
(227, 2, 'Plátanos'),
(228, 2, 'Pontevedra'),
(229, 2, 'Quilmes'),
(230, 2, 'Rafael Calzada'),
(231, 2, 'Rafael Castillo'),
(232, 2, 'Ramos Mejía'),
(233, 2, 'Ranelagh'),
(234, 2, 'Remedios de Escalada'),
(235, 2, 'Sáenz Peña'),
(236, 2, 'San Antonio de Padua'),
(237, 2, 'San Fernando'),
(238, 2, 'San Francisco Solano'),
(239, 2, 'San Isidro'),
(240, 2, 'San José'),
(241, 2, 'San Justo'),
(242, 2, 'San Martín'),
(243, 2, 'San Miguel'),
(244, 2, 'Santos Lugares'),
(245, 2, 'Sarandí'),
(246, 2, 'Sourigues'),
(247, 2, 'Tapiales'),
(248, 2, 'Temperley'),
(249, 2, 'Tigre'),
(250, 2, 'Tortuguitas'),
(251, 2, 'Tristán Suárez'),
(252, 2, 'Trujui'),
(253, 2, 'Turdera'),
(254, 2, 'Valentín Alsina'),
(255, 2, 'Vicente López'),
(256, 2, 'Villa Adelina'),
(257, 2, 'Villa Ballester'),
(258, 2, 'Villa Bosch'),
(259, 2, 'Villa Caraza'),
(260, 2, 'Villa Celina'),
(261, 2, 'Villa Centenario'),
(262, 2, 'Villa de Mayo'),
(263, 2, 'Villa Diamante'),
(264, 2, 'Villa Domínico'),
(265, 2, 'Villa España'),
(266, 2, 'Villa Fiorito'),
(267, 2, 'Villa Guillermina'),
(268, 2, 'Villa Insuperable'),
(269, 2, 'Villa José León Suárez'),
(270, 2, 'Villa La Florida'),
(271, 2, 'Villa Luzuriaga'),
(272, 2, 'Villa Martelli'),
(273, 2, 'Villa Obrera'),
(274, 2, 'Villa Progreso'),
(275, 2, 'Villa Raffo'),
(276, 2, 'Villa Sarmiento'),
(277, 2, 'Villa Tesei'),
(278, 2, 'Villa Udaondo'),
(279, 2, 'Virrey del Pino'),
(280, 2, 'Wilde'),
(281, 2, 'William Morris'),
(282, 3, 'Agronomía'),
(283, 3, 'Almagro'),
(284, 3, 'Balvanera'),
(285, 3, 'Barracas'),
(286, 3, 'Belgrano'),
(287, 3, 'Boca'),
(288, 3, 'Boedo'),
(289, 3, 'Caballito'),
(290, 3, 'Chacarita'),
(291, 3, 'Coghlan'),
(292, 3, 'Colegiales'),
(293, 3, 'Constitución'),
(294, 3, 'Flores'),
(295, 3, 'Floresta'),
(296, 3, 'La Paternal'),
(297, 3, 'Liniers'),
(298, 3, 'Mataderos'),
(299, 3, 'Monserrat'),
(300, 3, 'Monte Castro'),
(301, 3, 'Nueva Pompeya'),
(302, 3, 'Núñez'),
(303, 3, 'Palermo'),
(304, 3, 'Parque Avellaneda'),
(305, 3, 'Parque Chacabuco'),
(306, 3, 'Parque Chas'),
(307, 3, 'Parque Patricios'),
(308, 3, 'Puerto Madero'),
(309, 3, 'Recoleta'),
(310, 3, 'Retiro'),
(311, 3, 'Saavedra'),
(312, 3, 'San Cristóbal'),
(313, 3, 'San Nicolás'),
(314, 3, 'San Telmo'),
(315, 3, 'Vélez Sársfield'),
(316, 3, 'Versalles'),
(317, 3, 'Villa Crespo'),
(318, 3, 'Villa del Parque'),
(319, 3, 'Villa Devoto'),
(320, 3, 'Villa Gral. Mitre'),
(321, 3, 'Villa Lugano'),
(322, 3, 'Villa Luro'),
(323, 3, 'Villa Ortúzar'),
(324, 3, 'Villa Pueyrredón'),
(325, 3, 'Villa Real'),
(326, 3, 'Villa Riachuelo'),
(327, 3, 'Villa Santa Rita'),
(328, 3, 'Villa Soldati'),
(329, 3, 'Villa Urquiza'),
(330, 4, 'Aconquija'),
(331, 4, 'Ancasti'),
(332, 4, 'Andalgalá'),
(333, 4, 'Antofagasta'),
(334, 4, 'Belén'),
(335, 4, 'Capayán'),
(336, 4, 'Capital'),
(337, 4, '4'),
(338, 4, 'Corral Quemado'),
(339, 4, 'El Alto'),
(340, 4, 'El Rodeo'),
(341, 4, 'F.Mamerto Esquiú'),
(342, 4, 'Fiambalá'),
(343, 4, 'Hualfín'),
(344, 4, 'Huillapima'),
(345, 4, 'Icaño'),
(346, 4, 'La Puerta'),
(347, 4, 'Las Juntas'),
(348, 4, 'Londres'),
(349, 4, 'Los Altos'),
(350, 4, 'Los Varela'),
(351, 4, 'Mutquín'),
(352, 4, 'Paclín'),
(353, 4, 'Poman'),
(354, 4, 'Pozo de La Piedra'),
(355, 4, 'Puerta de Corral'),
(356, 4, 'Puerta San José'),
(357, 4, 'Recreo'),
(358, 4, 'S.F.V de 4'),
(359, 4, 'San Fernando'),
(360, 4, 'San Fernando del Valle'),
(361, 4, 'San José'),
(362, 4, 'Santa María'),
(363, 4, 'Santa Rosa'),
(364, 4, 'Saujil'),
(365, 4, 'Tapso'),
(366, 4, 'Tinogasta'),
(367, 4, 'Valle Viejo'),
(368, 4, 'Villa Vil'),
(369, 5, 'Aviá Teraí'),
(370, 5, 'Barranqueras'),
(371, 5, 'Basail'),
(372, 5, 'Campo Largo'),
(373, 5, 'Capital'),
(374, 5, 'Capitán Solari'),
(375, 5, 'Charadai'),
(376, 5, 'Charata'),
(377, 5, 'Chorotis'),
(378, 5, 'Ciervo Petiso'),
(379, 5, 'Cnel. Du Graty'),
(380, 5, 'Col. Benítez'),
(381, 5, 'Col. Elisa'),
(382, 5, 'Col. Popular'),
(383, 5, 'Colonias Unidas'),
(384, 5, 'Concepción'),
(385, 5, 'Corzuela'),
(386, 5, 'Cote Lai'),
(387, 5, 'El Sauzalito'),
(388, 5, 'Enrique Urien'),
(389, 5, 'Fontana'),
(390, 5, 'Fte. Esperanza'),
(391, 5, 'Gancedo'),
(392, 5, 'Gral. Capdevila'),
(393, 5, 'Gral. Pinero'),
(394, 5, 'Gral. San Martín'),
(395, 5, 'Gral. Vedia'),
(396, 5, 'Hermoso Campo'),
(397, 5, 'I. del Cerrito'),
(398, 5, 'J.J. Castelli'),
(399, 5, 'La Clotilde'),
(400, 5, 'La Eduvigis'),
(401, 5, 'La Escondida'),
(402, 5, 'La Leonesa'),
(403, 5, 'La Tigra'),
(404, 5, 'La Verde'),
(405, 5, 'Laguna Blanca'),
(406, 5, 'Laguna Limpia'),
(407, 5, 'Lapachito'),
(408, 5, 'Las Breñas'),
(409, 5, 'Las Garcitas'),
(410, 5, 'Las Palmas'),
(411, 5, 'Los Frentones'),
(412, 5, 'Machagai'),
(413, 5, 'Makallé'),
(414, 5, 'Margarita Belén'),
(415, 5, 'Miraflores'),
(416, 5, 'Misión N. Pompeya'),
(417, 5, 'Napenay'),
(418, 5, 'Pampa Almirón'),
(419, 5, 'Pampa del Indio'),
(420, 5, 'Pampa del Infierno'),
(421, 5, 'Pdcia. de La Plaza'),
(422, 5, 'Pdcia. Roca'),
(423, 5, 'Pdcia. Roque Sáenz Peña'),
(424, 5, 'Pto. Bermejo'),
(425, 5, 'Pto. Eva Perón'),
(426, 5, 'Puero Tirol'),
(427, 5, 'Puerto Vilelas'),
(428, 5, 'Quitilipi'),
(429, 5, 'Resistencia'),
(430, 5, 'Sáenz Peña'),
(431, 5, 'Samuhú'),
(432, 5, 'San Bernardo'),
(433, 5, 'Santa Sylvina'),
(434, 5, 'Taco Pozo'),
(435, 5, 'Tres Isletas'),
(436, 5, 'Villa Ángela'),
(437, 5, 'Villa Berthet'),
(438, 5, 'Villa R. Bermejito'),
(439, 6, 'Aldea Apeleg'),
(440, 6, 'Aldea Beleiro'),
(441, 6, 'Aldea Epulef'),
(442, 6, 'Alto Río Sengerr'),
(443, 6, 'Buen Pasto'),
(444, 6, 'Camarones'),
(445, 6, 'Carrenleufú'),
(446, 6, 'Cholila'),
(447, 6, 'Co. Centinela'),
(448, 6, 'Colan Conhué'),
(449, 6, 'Comodoro Rivadavia'),
(450, 6, 'Corcovado'),
(451, 6, 'Cushamen'),
(452, 6, 'Dique F. Ameghino'),
(453, 6, 'Dolavón'),
(454, 6, 'Dr. R. Rojas'),
(455, 6, 'El Hoyo'),
(456, 6, 'El Maitén'),
(457, 6, 'Epuyén'),
(458, 6, 'Esquel'),
(459, 6, 'Facundo'),
(460, 6, 'Gaimán'),
(461, 6, 'Gan Gan'),
(462, 6, 'Gastre'),
(463, 6, 'Gdor. Costa'),
(464, 6, 'Gualjaina'),
(465, 6, 'J. de San Martín'),
(466, 6, 'Lago Blanco'),
(467, 6, 'Lago Puelo'),
(468, 6, 'Lagunita Salada'),
(469, 6, 'Las Plumas'),
(470, 6, 'Los Altares'),
(471, 6, 'Paso de los Indios'),
(472, 6, 'Paso del Sapo'),
(473, 6, 'Pto. Madryn'),
(474, 6, 'Pto. Pirámides'),
(475, 6, 'Rada Tilly'),
(476, 6, 'Rawson'),
(477, 6, 'Río Mayo'),
(478, 6, 'Río Pico'),
(479, 6, 'Sarmiento'),
(480, 6, 'Tecka'),
(481, 6, 'Telsen'),
(482, 6, 'Trelew'),
(483, 6, 'Trevelin'),
(484, 6, 'Veintiocho de Julio'),
(485, 7, 'Achiras'),
(486, 7, 'Adelia Maria'),
(487, 7, 'Agua de Oro'),
(488, 7, 'Alcira Gigena'),
(489, 7, 'Aldea Santa Maria'),
(490, 7, 'Alejandro Roca'),
(491, 7, 'Alejo Ledesma'),
(492, 7, 'Alicia'),
(493, 7, 'Almafuerte'),
(494, 7, 'Alpa Corral'),
(495, 7, 'Alta Gracia'),
(496, 7, 'Alto Alegre'),
(497, 7, 'Alto de Los Quebrachos'),
(498, 7, 'Altos de Chipion'),
(499, 7, 'Amboy'),
(500, 7, 'Ambul'),
(501, 7, 'Ana Zumaran'),
(502, 7, 'Anisacate'),
(503, 7, 'Arguello'),
(504, 7, 'Arias'),
(505, 7, 'Arroyito'),
(506, 7, 'Arroyo Algodon'),
(507, 7, 'Arroyo Cabral'),
(508, 7, 'Arroyo Los Patos'),
(509, 7, 'Assunta'),
(510, 7, 'Atahona'),
(511, 7, 'Ausonia'),
(512, 7, 'Avellaneda'),
(513, 7, 'Ballesteros'),
(514, 7, 'Ballesteros Sud'),
(515, 7, 'Balnearia'),
(516, 7, 'Bañado de Soto'),
(517, 7, 'Bell Ville'),
(518, 7, 'Bengolea'),
(519, 7, 'Benjamin Gould'),
(520, 7, 'Berrotaran'),
(521, 7, 'Bialet Masse'),
(522, 7, 'Bouwer'),
(523, 7, 'Brinkmann'),
(524, 7, 'Buchardo'),
(525, 7, 'Bulnes'),
(526, 7, 'Cabalango'),
(527, 7, 'Calamuchita'),
(528, 7, 'Calchin'),
(529, 7, 'Calchin Oeste'),
(530, 7, 'Calmayo'),
(531, 7, 'Camilo Aldao'),
(532, 7, 'Caminiaga'),
(533, 7, 'Cañada de Luque'),
(534, 7, 'Cañada de Machado'),
(535, 7, 'Cañada de Rio Pinto'),
(536, 7, 'Cañada del Sauce'),
(537, 7, 'Canals'),
(538, 7, 'Candelaria Sud'),
(539, 7, 'Capilla de Remedios'),
(540, 7, 'Capilla de Siton'),
(541, 7, 'Capilla del Carmen'),
(542, 7, 'Capilla del Monte'),
(543, 7, 'Capital'),
(544, 7, 'Capitan Gral B. O´Higgins'),
(545, 7, 'Carnerillo'),
(546, 7, 'Carrilobo'),
(547, 7, 'Casa Grande'),
(548, 7, 'Cavanagh'),
(549, 7, 'Cerro Colorado'),
(550, 7, 'Chaján'),
(551, 7, 'Chalacea'),
(552, 7, 'Chañar Viejo'),
(553, 7, 'Chancaní'),
(554, 7, 'Charbonier'),
(555, 7, 'Charras'),
(556, 7, 'Chazón'),
(557, 7, 'Chilibroste'),
(558, 7, 'Chucul'),
(559, 7, 'Chuña'),
(560, 7, 'Chuña Huasi'),
(561, 7, 'Churqui Cañada'),
(562, 7, 'Cienaga Del Coro'),
(563, 7, 'Cintra'),
(564, 7, 'Col. Almada'),
(565, 7, 'Col. Anita'),
(566, 7, 'Col. Barge'),
(567, 7, 'Col. Bismark'),
(568, 7, 'Col. Bremen'),
(569, 7, 'Col. Caroya'),
(570, 7, 'Col. Italiana'),
(571, 7, 'Col. Iturraspe'),
(572, 7, 'Col. Las Cuatro Esquinas'),
(573, 7, 'Col. Las Pichanas'),
(574, 7, 'Col. Marina'),
(575, 7, 'Col. Prosperidad'),
(576, 7, 'Col. San Bartolome'),
(577, 7, 'Col. San Pedro'),
(578, 7, 'Col. Tirolesa'),
(579, 7, 'Col. Vicente Aguero'),
(580, 7, 'Col. Videla'),
(581, 7, 'Col. Vignaud'),
(582, 7, 'Col. Waltelina'),
(583, 7, 'Colazo'),
(584, 7, 'Comechingones'),
(585, 7, 'Conlara'),
(586, 7, 'Copacabana'),
(587, 7, '7'),
(588, 7, 'Coronel Baigorria'),
(589, 7, 'Coronel Moldes'),
(590, 7, 'Corral de Bustos'),
(591, 7, 'Corralito'),
(592, 7, 'Cosquín'),
(593, 7, 'Costa Sacate'),
(594, 7, 'Cruz Alta'),
(595, 7, 'Cruz de Caña'),
(596, 7, 'Cruz del Eje'),
(597, 7, 'Cuesta Blanca'),
(598, 7, 'Dean Funes'),
(599, 7, 'Del Campillo'),
(600, 7, 'Despeñaderos'),
(601, 7, 'Devoto'),
(602, 7, 'Diego de Rojas'),
(603, 7, 'Dique Chico'),
(604, 7, 'El Arañado'),
(605, 7, 'El Brete'),
(606, 7, 'El Chacho'),
(607, 7, 'El Crispín'),
(608, 7, 'El Fortín'),
(609, 7, 'El Manzano'),
(610, 7, 'El Rastreador'),
(611, 7, 'El Rodeo'),
(612, 7, 'El Tío'),
(613, 7, 'Elena'),
(614, 7, 'Embalse'),
(615, 7, 'Esquina'),
(616, 7, 'Estación Gral. Paz'),
(617, 7, 'Estación Juárez Celman'),
(618, 7, 'Estancia de Guadalupe'),
(619, 7, 'Estancia Vieja'),
(620, 7, 'Etruria'),
(621, 7, 'Eufrasio Loza'),
(622, 7, 'Falda del Carmen'),
(623, 7, 'Freyre'),
(624, 7, 'Gral. Baldissera'),
(625, 7, 'Gral. Cabrera'),
(626, 7, 'Gral. Deheza'),
(627, 7, 'Gral. Fotheringham'),
(628, 7, 'Gral. Levalle'),
(629, 7, 'Gral. Roca'),
(630, 7, 'Guanaco Muerto'),
(631, 7, 'Guasapampa'),
(632, 7, 'Guatimozin'),
(633, 7, 'Gutenberg'),
(634, 7, 'Hernando'),
(635, 7, 'Huanchillas'),
(636, 7, 'Huerta Grande'),
(637, 7, 'Huinca Renanco'),
(638, 7, 'Idiazabal'),
(639, 7, 'Impira'),
(640, 7, 'Inriville'),
(641, 7, 'Isla Verde'),
(642, 7, 'Italó'),
(643, 7, 'James Craik'),
(644, 7, 'Jesús María'),
(645, 7, 'Jovita'),
(646, 7, 'Justiniano Posse'),
(647, 7, 'Km 658'),
(648, 7, 'L. V. Mansilla'),
(649, 7, 'La Batea'),
(650, 7, 'La Calera'),
(651, 7, 'La Carlota'),
(652, 7, 'La Carolina'),
(653, 7, 'La Cautiva'),
(654, 7, 'La Cesira'),
(655, 7, 'La Cruz'),
(656, 7, 'La Cumbre'),
(657, 7, 'La Cumbrecita'),
(658, 7, 'La Falda'),
(659, 7, 'La Francia'),
(660, 7, 'La Granja'),
(661, 7, 'La Higuera'),
(662, 7, 'La Laguna'),
(663, 7, 'La Paisanita'),
(664, 7, 'La Palestina'),
(665, 7, '12'),
(666, 7, 'La Paquita'),
(667, 7, 'La Para'),
(668, 7, 'La Paz'),
(669, 7, 'La Playa'),
(670, 7, 'La Playosa'),
(671, 7, 'La Población'),
(672, 7, 'La Posta'),
(673, 7, 'La Puerta'),
(674, 7, 'La Quinta'),
(675, 7, 'La Rancherita'),
(676, 7, 'La Rinconada'),
(677, 7, 'La Serranita'),
(678, 7, 'La Tordilla'),
(679, 7, 'Laborde'),
(680, 7, 'Laboulaye'),
(681, 7, 'Laguna Larga'),
(682, 7, 'Las Acequias'),
(683, 7, 'Las Albahacas'),
(684, 7, 'Las Arrias'),
(685, 7, 'Las Bajadas'),
(686, 7, 'Las Caleras'),
(687, 7, 'Las Calles'),
(688, 7, 'Las Cañadas'),
(689, 7, 'Las Gramillas'),
(690, 7, 'Las Higueras'),
(691, 7, 'Las Isletillas'),
(692, 7, 'Las Junturas'),
(693, 7, 'Las Palmas'),
(694, 7, 'Las Peñas'),
(695, 7, 'Las Peñas Sud'),
(696, 7, 'Las Perdices'),
(697, 7, 'Las Playas'),
(698, 7, 'Las Rabonas'),
(699, 7, 'Las Saladas'),
(700, 7, 'Las Tapias'),
(701, 7, 'Las Varas'),
(702, 7, 'Las Varillas'),
(703, 7, 'Las Vertientes'),
(704, 7, 'Leguizamón'),
(705, 7, 'Leones'),
(706, 7, 'Los Cedros'),
(707, 7, 'Los Cerrillos'),
(708, 7, 'Los Chañaritos (C.E)'),
(709, 7, 'Los Chanaritos (R.S)'),
(710, 7, 'Los Cisnes'),
(711, 7, 'Los Cocos'),
(712, 7, 'Los Cóndores'),
(713, 7, 'Los Hornillos'),
(714, 7, 'Los Hoyos'),
(715, 7, 'Los Mistoles'),
(716, 7, 'Los Molinos'),
(717, 7, 'Los Pozos'),
(718, 7, 'Los Reartes'),
(719, 7, 'Los Surgentes'),
(720, 7, 'Los Talares'),
(721, 7, 'Los Zorros'),
(722, 7, 'Lozada'),
(723, 7, 'Luca'),
(724, 7, 'Luque'),
(725, 7, 'Luyaba'),
(726, 7, 'Malagueño'),
(727, 7, 'Malena'),
(728, 7, 'Malvinas Argentinas'),
(729, 7, 'Manfredi'),
(730, 7, 'Maquinista Gallini'),
(731, 7, 'Marcos Juárez'),
(732, 7, 'Marull'),
(733, 7, 'Matorrales'),
(734, 7, 'Mattaldi'),
(735, 7, 'Mayu Sumaj'),
(736, 7, 'Media Naranja'),
(737, 7, 'Melo'),
(738, 7, 'Mendiolaza'),
(739, 7, 'Mi Granja'),
(740, 7, 'Mina Clavero'),
(741, 7, 'Miramar'),
(742, 7, 'Morrison'),
(743, 7, 'Morteros'),
(744, 7, 'Mte. Buey'),
(745, 7, 'Mte. Cristo'),
(746, 7, 'Mte. De Los Gauchos'),
(747, 7, 'Mte. Leña'),
(748, 7, 'Mte. Maíz'),
(749, 7, 'Mte. Ralo'),
(750, 7, 'Nicolás Bruzone'),
(751, 7, 'Noetinger'),
(752, 7, 'Nono'),
(753, 7, 'Nueva 7'),
(754, 7, 'Obispo Trejo'),
(755, 7, 'Olaeta'),
(756, 7, 'Oliva'),
(757, 7, 'Olivares San Nicolás'),
(758, 7, 'Onagolty'),
(759, 7, 'Oncativo'),
(760, 7, 'Ordoñez'),
(761, 7, 'Pacheco De Melo'),
(762, 7, 'Pampayasta N.'),
(763, 7, 'Pampayasta S.'),
(764, 7, 'Panaholma'),
(765, 7, 'Pascanas'),
(766, 7, 'Pasco'),
(767, 7, 'Paso del Durazno'),
(768, 7, 'Paso Viejo'),
(769, 7, 'Pilar'),
(770, 7, 'Pincén'),
(771, 7, 'Piquillín'),
(772, 7, 'Plaza de Mercedes'),
(773, 7, 'Plaza Luxardo'),
(774, 7, 'Porteña'),
(775, 7, 'Potrero de Garay'),
(776, 7, 'Pozo del Molle'),
(777, 7, 'Pozo Nuevo'),
(778, 7, 'Pueblo Italiano'),
(779, 7, 'Puesto de Castro'),
(780, 7, 'Punta del Agua'),
(781, 7, 'Quebracho Herrado'),
(782, 7, 'Quilino'),
(783, 7, 'Rafael García'),
(784, 7, 'Ranqueles'),
(785, 7, 'Rayo Cortado'),
(786, 7, 'Reducción'),
(787, 7, 'Rincón'),
(788, 7, 'Río Bamba'),
(789, 7, 'Río Ceballos'),
(790, 7, 'Río Cuarto'),
(791, 7, 'Río de Los Sauces'),
(792, 7, 'Río Primero'),
(793, 7, 'Río Segundo'),
(794, 7, 'Río Tercero'),
(795, 7, 'Rosales'),
(796, 7, 'Rosario del Saladillo'),
(797, 7, 'Sacanta'),
(798, 7, 'Sagrada Familia'),
(799, 7, 'Saira'),
(800, 7, 'Saladillo'),
(801, 7, 'Saldán'),
(802, 7, 'Salsacate'),
(803, 7, 'Salsipuedes'),
(804, 7, 'Sampacho'),
(805, 7, 'San Agustín'),
(806, 7, 'San Antonio de Arredondo'),
(807, 7, 'San Antonio de Litín'),
(808, 7, 'San Basilio'),
(809, 7, 'San Carlos Minas'),
(810, 7, 'San Clemente'),
(811, 7, 'San Esteban'),
(812, 7, 'San Francisco'),
(813, 7, 'San Ignacio'),
(814, 7, 'San Javier'),
(815, 7, 'San Jerónimo'),
(816, 7, 'San Joaquín'),
(817, 7, 'San José de La Dormida'),
(818, 7, 'San José de Las Salinas'),
(819, 7, 'San Lorenzo'),
(820, 7, 'San Marcos Sierras'),
(821, 7, 'San Marcos Sud'),
(822, 7, 'San Pedro'),
(823, 7, 'San Pedro N.'),
(824, 7, 'San Roque'),
(825, 7, 'San Vicente'),
(826, 7, 'Santa Catalina'),
(827, 7, 'Santa Elena'),
(828, 7, 'Santa Eufemia'),
(829, 7, 'Santa Maria'),
(830, 7, 'Sarmiento'),
(831, 7, 'Saturnino M.Laspiur'),
(832, 7, 'Sauce Arriba'),
(833, 7, 'Sebastián Elcano'),
(834, 7, 'Seeber'),
(835, 7, 'Segunda Usina'),
(836, 7, 'Serrano'),
(837, 7, 'Serrezuela'),
(838, 7, 'Sgo. Temple'),
(839, 7, 'Silvio Pellico'),
(840, 7, 'Simbolar'),
(841, 7, 'Sinsacate'),
(842, 7, 'Sta. Rosa de Calamuchita'),
(843, 7, 'Sta. Rosa de Río Primero'),
(844, 7, 'Suco'),
(845, 7, 'Tala Cañada'),
(846, 7, 'Tala Huasi'),
(847, 7, 'Talaini'),
(848, 7, 'Tancacha'),
(849, 7, 'Tanti'),
(850, 7, 'Ticino'),
(851, 7, 'Tinoco'),
(852, 7, 'Tío Pujio'),
(853, 7, 'Toledo'),
(854, 7, 'Toro Pujio'),
(855, 7, 'Tosno'),
(856, 7, 'Tosquita'),
(857, 7, 'Tránsito'),
(858, 7, 'Tuclame'),
(859, 7, 'Tutti'),
(860, 7, 'Ucacha'),
(861, 7, 'Unquillo'),
(862, 7, 'Valle de Anisacate'),
(863, 7, 'Valle Hermoso'),
(864, 7, 'Vélez Sarfield'),
(865, 7, 'Viamonte'),
(866, 7, 'Vicuña Mackenna'),
(867, 7, 'Villa Allende'),
(868, 7, 'Villa Amancay'),
(869, 7, 'Villa Ascasubi'),
(870, 7, 'Villa Candelaria N.'),
(871, 7, 'Villa Carlos Paz'),
(872, 7, 'Villa Cerro Azul'),
(873, 7, 'Villa Ciudad de América'),
(874, 7, 'Villa Ciudad Pque Los Reartes'),
(875, 7, 'Villa Concepción del Tío'),
(876, 7, 'Villa Cura Brochero'),
(877, 7, 'Villa de Las Rosas'),
(878, 7, 'Villa de María'),
(879, 7, 'Villa de Pocho'),
(880, 7, 'Villa de Soto'),
(881, 7, 'Villa del Dique'),
(882, 7, 'Villa del Prado'),
(883, 7, 'Villa del Rosario'),
(884, 7, 'Villa del Totoral'),
(885, 7, 'Villa Dolores'),
(886, 7, 'Villa El Chancay'),
(887, 7, 'Villa Elisa'),
(888, 7, 'Villa Flor Serrana'),
(889, 7, 'Villa Fontana'),
(890, 7, 'Villa Giardino'),
(891, 7, 'Villa Gral. Belgrano'),
(892, 7, 'Villa Gutierrez'),
(893, 7, 'Villa Huidobro'),
(894, 7, 'Villa La Bolsa'),
(895, 7, 'Villa Los Aromos'),
(896, 7, 'Villa Los Patos'),
(897, 7, 'Villa María'),
(898, 7, 'Villa Nueva'),
(899, 7, 'Villa Pque. Santa Ana'),
(900, 7, 'Villa Pque. Siquiman'),
(901, 7, 'Villa Quillinzo'),
(902, 7, 'Villa Rossi'),
(903, 7, 'Villa Rumipal'),
(904, 7, 'Villa San Esteban'),
(905, 7, 'Villa San Isidro'),
(906, 7, 'Villa 21'),
(907, 7, 'Villa Sarmiento (G.R)'),
(908, 7, 'Villa Sarmiento (S.A)'),
(909, 7, 'Villa Tulumba'),
(910, 7, 'Villa Valeria'),
(911, 7, 'Villa Yacanto'),
(912, 7, 'Washington'),
(913, 7, 'Wenceslao Escalante'),
(914, 7, 'Ycho Cruz Sierras'),
(915, 8, 'Alvear'),
(916, 8, 'Bella Vista'),
(917, 8, 'Berón de Astrada'),
(918, 8, 'Bonpland'),
(919, 8, 'Caá Cati'),
(920, 8, 'Capital'),
(921, 8, 'Chavarría'),
(922, 8, 'Col. C. Pellegrini'),
(923, 8, 'Col. Libertad'),
(924, 8, 'Col. Liebig'),
(925, 8, 'Col. Sta Rosa'),
(926, 8, 'Concepción'),
(927, 8, 'Cruz de Los Milagros'),
(928, 8, 'Curuzú-Cuatiá'),
(929, 8, 'Empedrado'),
(930, 8, 'Esquina'),
(931, 8, 'Estación Torrent'),
(932, 8, 'Felipe Yofré'),
(933, 8, 'Garruchos'),
(934, 8, 'Gdor. Agrónomo'),
(935, 8, 'Gdor. Martínez'),
(936, 8, 'Goya'),
(937, 8, 'Guaviravi'),
(938, 8, 'Herlitzka'),
(939, 8, 'Ita-Ibate'),
(940, 8, 'Itatí'),
(941, 8, 'Ituzaingó'),
(942, 8, 'José Rafael Gómez'),
(943, 8, 'Juan Pujol'),
(944, 8, 'La Cruz'),
(945, 8, 'Lavalle'),
(946, 8, 'Lomas de Vallejos'),
(947, 8, 'Loreto'),
(948, 8, 'Mariano I. Loza'),
(949, 8, 'Mburucuyá'),
(950, 8, 'Mercedes'),
(951, 8, 'Mocoretá'),
(952, 8, 'Mte. Caseros'),
(953, 8, 'Nueve de Julio'),
(954, 8, 'Palmar Grande'),
(955, 8, 'Parada Pucheta'),
(956, 8, 'Paso de La Patria'),
(957, 8, 'Paso de Los Libres'),
(958, 8, 'Pedro R. Fernandez'),
(959, 8, 'Perugorría'),
(960, 8, 'Pueblo Libertador'),
(961, 8, 'Ramada Paso'),
(962, 8, 'Riachuelo'),
(963, 8, 'Saladas'),
(964, 8, 'San Antonio'),
(965, 8, 'San Carlos'),
(966, 8, 'San Cosme'),
(967, 8, 'San Lorenzo'),
(968, 8, '20 del Palmar'),
(969, 8, 'San Miguel'),
(970, 8, 'San Roque'),
(971, 8, 'Santa Ana'),
(972, 8, 'Santa Lucía'),
(973, 8, 'Santo Tomé'),
(974, 8, 'Sauce'),
(975, 8, 'Tabay'),
(976, 8, 'Tapebicuá'),
(977, 8, 'Tatacua'),
(978, 8, 'Virasoro'),
(979, 8, 'Yapeyú'),
(980, 8, 'Yataití Calle'),
(981, 9, 'Alarcón'),
(982, 9, 'Alcaraz'),
(983, 9, 'Alcaraz N.'),
(984, 9, 'Alcaraz S.'),
(985, 9, 'Aldea Asunción'),
(986, 9, 'Aldea Brasilera'),
(987, 9, 'Aldea Elgenfeld'),
(988, 9, 'Aldea Grapschental'),
(989, 9, 'Aldea Ma. Luisa'),
(990, 9, 'Aldea Protestante'),
(991, 9, 'Aldea Salto'),
(992, 9, 'Aldea San Antonio (G)'),
(993, 9, 'Aldea San Antonio (P)'),
(994, 9, 'Aldea 19'),
(995, 9, 'Aldea San Miguel'),
(996, 9, 'Aldea San Rafael'),
(997, 9, 'Aldea Spatzenkutter'),
(998, 9, 'Aldea Sta. María'),
(999, 9, 'Aldea Sta. Rosa'),
(1000, 9, 'Aldea Valle María'),
(1001, 9, 'Altamirano Sur'),
(1002, 9, 'Antelo'),
(1003, 9, 'Antonio Tomás'),
(1004, 9, 'Aranguren'),
(1005, 9, 'Arroyo Barú'),
(1006, 9, 'Arroyo Burgos'),
(1007, 9, 'Arroyo Clé'),
(1008, 9, 'Arroyo Corralito'),
(1009, 9, 'Arroyo del Medio'),
(1010, 9, 'Arroyo Maturrango'),
(1011, 9, 'Arroyo Palo Seco'),
(1012, 9, 'Banderas'),
(1013, 9, 'Basavilbaso'),
(1014, 9, 'Betbeder'),
(1015, 9, 'Bovril'),
(1016, 9, 'Caseros'),
(1017, 9, 'Ceibas'),
(1018, 9, 'Cerrito'),
(1019, 9, 'Chajarí'),
(1020, 9, 'Chilcas'),
(1021, 9, 'Clodomiro Ledesma'),
(1022, 9, 'Col. Alemana'),
(1023, 9, 'Col. Avellaneda'),
(1024, 9, 'Col. Avigdor'),
(1025, 9, 'Col. Ayuí'),
(1026, 9, 'Col. Baylina'),
(1027, 9, 'Col. Carrasco'),
(1028, 9, 'Col. Celina'),
(1029, 9, 'Col. Cerrito'),
(1030, 9, 'Col. Crespo'),
(1031, 9, 'Col. Elia'),
(1032, 9, 'Col. Ensayo'),
(1033, 9, 'Col. Gral. Roca'),
(1034, 9, 'Col. La Argentina'),
(1035, 9, 'Col. Merou'),
(1036, 9, 'Col. Oficial Nª3'),
(1037, 9, 'Col. Oficial Nº13'),
(1038, 9, 'Col. Oficial Nº14'),
(1039, 9, 'Col. Oficial Nº5'),
(1040, 9, 'Col. Reffino'),
(1041, 9, 'Col. Tunas'),
(1042, 9, 'Col. Viraró'),
(1043, 9, 'Colón'),
(1044, 9, 'Concepción del Uruguay'),
(1045, 9, 'Concordia'),
(1046, 9, 'Conscripto Bernardi'),
(1047, 9, 'Costa Grande'),
(1048, 9, 'Costa San Antonio'),
(1049, 9, 'Costa Uruguay N.'),
(1050, 9, 'Costa Uruguay S.'),
(1051, 9, 'Crespo'),
(1052, 9, 'Crucecitas 3ª'),
(1053, 9, 'Crucecitas 7ª'),
(1054, 9, 'Crucecitas 8ª'),
(1055, 9, 'Cuchilla Redonda'),
(1056, 9, 'Curtiembre'),
(1057, 9, 'Diamante'),
(1058, 9, 'Distrito 6º'),
(1059, 9, 'Distrito Chañar'),
(1060, 9, 'Distrito Chiqueros'),
(1061, 9, 'Distrito Cuarto'),
(1062, 9, 'Distrito Diego López'),
(1063, 9, 'Distrito Pajonal'),
(1064, 9, 'Distrito Sauce'),
(1065, 9, 'Distrito Tala'),
(1066, 9, 'Distrito Talitas'),
(1067, 9, 'Don Cristóbal 1ª Sección'),
(1068, 9, 'Don Cristóbal 2ª Sección'),
(1069, 9, 'Durazno'),
(1070, 9, 'El Cimarrón'),
(1071, 9, 'El Gramillal'),
(1072, 9, 'El Palenque'),
(1073, 9, 'El Pingo'),
(1074, 9, 'El Quebracho'),
(1075, 9, 'El Redomón'),
(1076, 9, 'El Solar'),
(1077, 9, 'Enrique Carbo'),
(1078, 9, 'Enrique Carbo'),
(1079, 9, 'Espinillo N.'),
(1080, 9, 'Estación Campos'),
(1081, 9, 'Estación Escriña'),
(1082, 9, 'Estación Lazo'),
(1083, 9, 'Estación Raíces'),
(1084, 9, 'Estación Yerúa'),
(1085, 9, 'Estancia Grande'),
(1086, 9, 'Estancia Líbaros'),
(1087, 9, 'Estancia Racedo'),
(1088, 9, 'Estancia Solá'),
(1089, 9, 'Estancia Yuquerí'),
(1090, 9, 'Estaquitas'),
(1091, 9, 'Faustino M. Parera'),
(1092, 9, 'Febre'),
(1093, 9, 'Federación'),
(1094, 9, 'Federal'),
(1095, 9, 'Gdor. Echagüe'),
(1096, 9, 'Gdor. Mansilla'),
(1097, 9, 'Gilbert'),
(1098, 9, 'González Calderón'),
(1099, 9, 'Gral. Almada'),
(1100, 9, 'Gral. Alvear'),
(1101, 9, 'Gral. Campos'),
(1102, 9, 'Gral. Galarza'),
(1103, 9, 'Gral. Ramírez'),
(1104, 9, 'Gualeguay'),
(1105, 9, 'Gualeguaychú'),
(1106, 9, 'Gualeguaycito'),
(1107, 9, 'Guardamonte'),
(1108, 9, 'Hambis'),
(1109, 9, 'Hasenkamp'),
(1110, 9, 'Hernandarias'),
(1111, 9, 'Hernández'),
(1112, 9, 'Herrera'),
(1113, 9, 'Hinojal'),
(1114, 9, 'Hocker'),
(1115, 9, 'Ing. Sajaroff'),
(1116, 9, 'Irazusta'),
(1117, 9, 'Isletas'),
(1118, 9, 'J.J De Urquiza'),
(1119, 9, 'Jubileo'),
(1120, 9, 'La Clarita'),
(1121, 9, 'La Criolla'),
(1122, 9, 'La Esmeralda'),
(1123, 9, 'La Florida'),
(1124, 9, 'La Fraternidad'),
(1125, 9, 'La Hierra'),
(1126, 9, 'La Ollita'),
(1127, 9, 'La Paz'),
(1128, 9, 'La Picada'),
(1129, 9, 'La Providencia'),
(1130, 9, 'La Verbena'),
(1131, 9, 'Laguna Benítez'),
(1132, 9, 'Larroque'),
(1133, 9, 'Las Cuevas'),
(1134, 9, 'Las Garzas'),
(1135, 9, 'Las Guachas'),
(1136, 9, 'Las Mercedes'),
(1137, 9, 'Las Moscas'),
(1138, 9, 'Las Mulitas'),
(1139, 9, 'Las Toscas'),
(1140, 9, 'Laurencena'),
(1141, 9, 'Libertador San Martín'),
(1142, 9, 'Loma Limpia'),
(1143, 9, 'Los Ceibos'),
(1144, 9, 'Los Charruas'),
(1145, 9, 'Los Conquistadores'),
(1146, 9, 'Lucas González'),
(1147, 9, 'Lucas N.'),
(1148, 9, 'Lucas S. 1ª'),
(1149, 9, 'Lucas S. 2ª'),
(1150, 9, 'Maciá'),
(1151, 9, 'María Grande'),
(1152, 9, 'María Grande 2ª'),
(1153, 9, 'Médanos'),
(1154, 9, 'Mojones N.'),
(1155, 9, 'Mojones S.'),
(1156, 9, 'Molino Doll'),
(1157, 9, 'Monte Redondo'),
(1158, 9, 'Montoya'),
(1159, 9, 'Mulas Grandes'),
(1160, 9, 'Ñancay'),
(1161, 9, 'Nogoyá'),
(1162, 9, 'Nueva Escocia'),
(1163, 9, 'Nueva Vizcaya'),
(1164, 9, 'Ombú'),
(1165, 9, 'Oro Verde'),
(1166, 9, 'Paraná'),
(1167, 9, 'Pasaje Guayaquil'),
(1168, 9, 'Pasaje Las Tunas'),
(1169, 9, 'Paso de La Arena'),
(1170, 9, 'Paso de La Laguna'),
(1171, 9, 'Paso de Las Piedras'),
(1172, 9, 'Paso Duarte'),
(1173, 9, 'Pastor Britos'),
(1174, 9, 'Pedernal'),
(1175, 9, 'Perdices'),
(1176, 9, 'Picada Berón'),
(1177, 9, 'Piedras Blancas'),
(1178, 9, 'Primer Distrito Cuchilla'),
(1179, 9, 'Primero de Mayo'),
(1180, 9, 'Pronunciamiento'),
(1181, 9, 'Pto. Algarrobo'),
(1182, 9, 'Pto. Ibicuy'),
(1183, 9, 'Pueblo Brugo'),
(1184, 9, 'Pueblo Cazes'),
(1185, 9, 'Pueblo Gral. Belgrano'),
(1186, 9, 'Pueblo Liebig'),
(1187, 9, 'Puerto Yeruá'),
(1188, 9, 'Punta del Monte'),
(1189, 9, 'Quebracho'),
(1190, 9, 'Quinto Distrito'),
(1191, 9, 'Raices Oeste'),
(1192, 9, 'Rincón de Nogoyá'),
(1193, 9, 'Rincón del Cinto'),
(1194, 9, 'Rincón del Doll'),
(1195, 9, 'Rincón del Gato'),
(1196, 9, 'Rocamora'),
(1197, 9, 'Rosario del Tala'),
(1198, 9, 'San Benito'),
(1199, 9, 'San Cipriano'),
(1200, 9, 'San Ernesto'),
(1201, 9, 'San Gustavo'),
(1202, 9, 'San Jaime'),
(1203, 9, 'San José'),
(1204, 9, 'San José de Feliciano'),
(1205, 9, 'San Justo'),
(1206, 9, 'San Marcial'),
(1207, 9, 'San Pedro'),
(1208, 9, 'San Ramírez'),
(1209, 9, 'San Ramón'),
(1210, 9, 'San Roque'),
(1211, 9, 'San Salvador'),
(1212, 9, 'San Víctor'),
(1213, 9, 'Santa Ana'),
(1214, 9, 'Santa Anita'),
(1215, 9, 'Santa Elena'),
(1216, 9, 'Santa Lucía'),
(1217, 9, 'Santa Luisa'),
(1218, 9, 'Sauce de Luna'),
(1219, 9, 'Sauce Montrull'),
(1220, 9, 'Sauce Pinto'),
(1221, 9, 'Sauce Sur'),
(1222, 9, 'Seguí'),
(1223, 9, 'Sir Leonard'),
(1224, 9, 'Sosa'),
(1225, 9, 'Tabossi'),
(1226, 9, 'Tezanos Pinto'),
(1227, 9, 'Ubajay'),
(1228, 9, 'Urdinarrain'),
(1229, 9, 'Veinte de Septiembre'),
(1230, 9, 'Viale'),
(1231, 9, 'Victoria'),
(1232, 9, 'Villa Clara'),
(1233, 9, 'Villa del Rosario'),
(1234, 9, 'Villa Domínguez'),
(1235, 9, 'Villa Elisa'),
(1236, 9, 'Villa Fontana'),
(1237, 9, 'Villa Gdor. Etchevehere'),
(1238, 9, 'Villa Mantero'),
(1239, 9, 'Villa Paranacito'),
(1240, 9, 'Villa Urquiza'),
(1241, 9, 'Villaguay'),
(1242, 9, 'Walter Moss'),
(1243, 9, 'Yacaré'),
(1244, 9, 'Yeso Oeste'),
(1245, 10, 'Buena Vista'),
(1246, 10, 'Clorinda'),
(1247, 10, 'Col. Pastoril'),
(1248, 10, 'Cte. Fontana'),
(1249, 10, 'El Colorado'),
(1250, 10, 'El Espinillo'),
(1251, 10, 'Estanislao Del Campo'),
(1252, 10, '10'),
(1253, 10, 'Fortín Lugones'),
(1254, 10, 'Gral. Lucio V. Mansilla'),
(1255, 10, 'Gral. Manuel Belgrano'),
(1256, 10, 'Gral. Mosconi'),
(1257, 10, 'Gran Guardia'),
(1258, 10, 'Herradura'),
(1259, 10, 'Ibarreta'),
(1260, 10, 'Ing. Juárez'),
(1261, 10, 'Laguna Blanca'),
(1262, 10, 'Laguna Naick Neck'),
(1263, 10, 'Laguna Yema'),
(1264, 10, 'Las Lomitas'),
(1265, 10, 'Los Chiriguanos'),
(1266, 10, 'Mayor V. Villafañe'),
(1267, 10, 'Misión San Fco.'),
(1268, 10, 'Palo Santo'),
(1269, 10, 'Pirané'),
(1270, 10, 'Pozo del Maza'),
(1271, 10, 'Riacho He-He'),
(1272, 10, 'San Hilario'),
(1273, 10, 'San Martín II'),
(1274, 10, 'Siete Palmas'),
(1275, 10, 'Subteniente Perín'),
(1276, 10, 'Tres Lagunas'),
(1277, 10, 'Villa Dos Trece'),
(1278, 10, 'Villa Escolar'),
(1279, 10, 'Villa Gral. Güemes'),
(1280, 11, 'Abdon Castro Tolay'),
(1281, 11, 'Abra Pampa'),
(1282, 11, 'Abralaite'),
(1283, 11, 'Aguas Calientes'),
(1284, 11, 'Arrayanal'),
(1285, 11, 'Barrios'),
(1286, 11, 'Caimancito'),
(1287, 11, 'Calilegua'),
(1288, 11, 'Cangrejillos'),
(1289, 11, 'Caspala'),
(1290, 11, 'Catuá'),
(1291, 11, 'Cieneguillas'),
(1292, 11, 'Coranzulli'),
(1293, 11, 'Cusi-Cusi'),
(1294, 11, 'El Aguilar'),
(1295, 11, 'El Carmen'),
(1296, 11, 'El Cóndor'),
(1297, 11, 'El Fuerte'),
(1298, 11, 'El Piquete'),
(1299, 11, 'El Talar'),
(1300, 11, 'Fraile Pintado'),
(1301, 11, 'Hipólito Yrigoyen'),
(1302, 11, 'Huacalera'),
(1303, 11, 'Humahuaca'),
(1304, 11, 'La Esperanza'),
(1305, 11, 'La Mendieta'),
(1306, 11, 'La Quiaca'),
(1307, 11, 'Ledesma'),
(1308, 11, 'Libertador Gral. San Martin'),
(1309, 11, 'Maimara'),
(1310, 11, 'Mina Pirquitas'),
(1311, 11, 'Monterrico'),
(1312, 11, 'Palma Sola'),
(1313, 11, 'Palpalá'),
(1314, 11, 'Pampa Blanca'),
(1315, 11, 'Pampichuela'),
(1316, 11, 'Perico'),
(1317, 11, 'Puesto del Marqués'),
(1318, 11, 'Puesto Viejo'),
(1319, 11, 'Pumahuasi'),
(1320, 11, 'Purmamarca'),
(1321, 11, 'Rinconada'),
(1322, 11, 'Rodeitos'),
(1323, 11, 'Rosario de Río Grande'),
(1324, 11, 'San Antonio'),
(1325, 11, 'San Francisco'),
(1326, 11, 'San Pedro'),
(1327, 11, 'San Rafael'),
(1328, 11, 'San Salvador'),
(1329, 11, 'Santa Ana'),
(1330, 11, 'Santa Catalina'),
(1331, 11, 'Santa Clara'),
(1332, 11, 'Susques'),
(1333, 11, 'Tilcara'),
(1334, 11, 'Tres Cruces'),
(1335, 11, 'Tumbaya'),
(1336, 11, 'Valle Grande'),
(1337, 11, 'Vinalito'),
(1338, 11, 'Volcán'),
(1339, 11, 'Yala'),
(1340, 11, 'Yaví'),
(1341, 11, 'Yuto'),
(1342, 12, 'Abramo'),
(1343, 12, 'Adolfo Van Praet'),
(1344, 12, 'Agustoni'),
(1345, 12, 'Algarrobo del Aguila'),
(1346, 12, 'Alpachiri'),
(1347, 12, 'Alta Italia'),
(1348, 12, 'Anguil'),
(1349, 12, 'Arata'),
(1350, 12, 'Ataliva Roca'),
(1351, 12, 'Bernardo Larroude'),
(1352, 12, 'Bernasconi'),
(1353, 12, 'Caleufú'),
(1354, 12, 'Carro Quemado'),
(1355, 12, 'Catriló'),
(1356, 12, 'Ceballos'),
(1357, 12, 'Chacharramendi'),
(1358, 12, 'Col. Barón'),
(1359, 12, 'Col. Santa María'),
(1360, 12, 'Conhelo'),
(1361, 12, 'Coronel Hilario Lagos'),
(1362, 12, 'Cuchillo-Có'),
(1363, 12, 'Doblas'),
(1364, 12, 'Dorila'),
(1365, 12, 'Eduardo Castex'),
(1366, 12, 'Embajador Martini'),
(1367, 12, 'Falucho'),
(1368, 12, 'Gral. Acha'),
(1369, 12, 'Gral. Manuel Campos'),
(1370, 12, 'Gral. Pico'),
(1371, 12, 'Guatraché'),
(1372, 12, 'Ing. Luiggi'),
(1373, 12, 'Intendente Alvear'),
(1374, 12, 'Jacinto Arauz'),
(1375, 12, 'La Adela'),
(1376, 12, 'La Humada'),
(1377, 12, 'La Maruja'),
(1378, 12, '12'),
(1379, 12, 'La Reforma'),
(1380, 12, 'Limay Mahuida'),
(1381, 12, 'Lonquimay'),
(1382, 12, 'Loventuel'),
(1383, 12, 'Luan Toro'),
(1384, 12, 'Macachín'),
(1385, 12, 'Maisonnave'),
(1386, 12, 'Mauricio Mayer'),
(1387, 12, 'Metileo'),
(1388, 12, 'Miguel Cané'),
(1389, 12, 'Miguel Riglos'),
(1390, 12, 'Monte Nievas'),
(1391, 12, 'Parera'),
(1392, 12, 'Perú'),
(1393, 12, 'Pichi-Huinca'),
(1394, 12, 'Puelches'),
(1395, 12, 'Puelén'),
(1396, 12, 'Quehue'),
(1397, 12, 'Quemú Quemú'),
(1398, 12, 'Quetrequén'),
(1399, 12, 'Rancul'),
(1400, 12, 'Realicó'),
(1401, 12, 'Relmo'),
(1402, 12, 'Rolón'),
(1403, 12, 'Rucanelo'),
(1404, 12, 'Sarah'),
(1405, 12, 'Speluzzi'),
(1406, 12, 'Sta. Isabel'),
(1407, 12, 'Sta. Rosa'),
(1408, 12, 'Sta. Teresa'),
(1409, 12, 'Telén'),
(1410, 12, 'Toay'),
(1411, 12, 'Tomas M. de Anchorena'),
(1412, 12, 'Trenel'),
(1413, 12, 'Unanue'),
(1414, 12, 'Uriburu'),
(1415, 12, 'Veinticinco de Mayo'),
(1416, 12, 'Vertiz'),
(1417, 12, 'Victorica'),
(1418, 12, 'Villa Mirasol'),
(1419, 12, 'Winifreda'),
(1420, 13, 'Arauco'),
(1421, 13, 'Capital'),
(1422, 13, 'Castro Barros'),
(1423, 13, 'Chamical'),
(1424, 13, 'Chilecito'),
(1425, 13, 'Coronel F. Varela'),
(1426, 13, 'Famatina'),
(1427, 13, 'Gral. A.V.Peñaloza'),
(1428, 13, 'Gral. Belgrano'),
(1429, 13, 'Gral. J.F. Quiroga'),
(1430, 13, 'Gral. Lamadrid'),
(1431, 13, 'Gral. Ocampo'),
(1432, 13, 'Gral. San Martín'),
(1433, 13, 'Independencia'),
(1434, 13, 'Rosario Penaloza'),
(1435, 13, 'San Blas de Los Sauces'),
(1436, 13, 'Sanagasta'),
(1437, 13, 'Vinchina'),
(1438, 14, 'Capital'),
(1439, 14, 'Chacras de Coria'),
(1440, 14, 'Dorrego'),
(1441, 14, 'Gllen'),
(1442, 14, 'Godoy Cruz'),
(1443, 14, 'Gral. Alvear'),
(1444, 14, 'Guaymallén'),
(1445, 14, 'Junín'),
(1446, 14, 'La Paz'),
(1447, 14, 'Las Heras'),
(1448, 14, 'Lavalle'),
(1449, 14, 'Luján'),
(1450, 14, 'Luján De Cuyo'),
(1451, 14, 'Maipú'),
(1452, 14, 'Malargüe'),
(1453, 14, 'Rivadavia'),
(1454, 14, 'San Carlos'),
(1455, 14, 'San Martín'),
(1456, 14, 'San Rafael'),
(1457, 14, 'Sta. Rosa'),
(1458, 14, 'Tunuyán'),
(1459, 14, 'Tupungato'),
(1460, 14, 'Villa Nueva'),
(1461, 15, 'Alba Posse'),
(1462, 15, 'Almafuerte'),
(1463, 15, 'Apóstoles'),
(1464, 15, 'Aristóbulo Del Valle'),
(1465, 15, 'Arroyo Del Medio'),
(1466, 15, 'Azara'),
(1467, 15, 'Bdo. De Irigoyen'),
(1468, 15, 'Bonpland'),
(1469, 15, 'Caá Yari'),
(1470, 15, 'Campo Grande'),
(1471, 15, 'Campo Ramón'),
(1472, 15, 'Campo Viera'),
(1473, 15, 'Candelaria'),
(1474, 15, 'Capioví'),
(1475, 15, 'Caraguatay'),
(1476, 15, 'Cdte. Guacurarí'),
(1477, 15, 'Cerro Azul'),
(1478, 15, 'Cerro Corá'),
(1479, 15, 'Col. Alberdi'),
(1480, 15, 'Col. Aurora'),
(1481, 15, 'Col. Delicia'),
(1482, 15, 'Col. Polana'),
(1483, 15, 'Col. Victoria'),
(1484, 15, 'Col. Wanda'),
(1485, 15, 'Concepción De La Sierra'),
(1486, 15, 'Corpus'),
(1487, 15, 'Dos Arroyos'),
(1488, 15, 'Dos de Mayo'),
(1489, 15, 'El Alcázar'),
(1490, 15, 'El Dorado'),
(1491, 15, 'El Soberbio'),
(1492, 15, 'Esperanza'),
(1493, 15, 'F. Ameghino'),
(1494, 15, 'Fachinal'),
(1495, 15, 'Garuhapé'),
(1496, 15, 'Garupá'),
(1497, 15, 'Gdor. López'),
(1498, 15, 'Gdor. Roca'),
(1499, 15, 'Gral. Alvear'),
(1500, 15, 'Gral. Urquiza'),
(1501, 15, 'Guaraní'),
(1502, 15, 'H. Yrigoyen'),
(1503, 15, 'Iguazú'),
(1504, 15, 'Itacaruaré'),
(1505, 15, 'Jardín América'),
(1506, 15, 'Leandro N. Alem'),
(1507, 15, 'Libertad'),
(1508, 15, 'Loreto'),
(1509, 15, 'Los Helechos'),
(1510, 15, 'Mártires'),
(1511, 15, '15'),
(1512, 15, 'Mojón Grande'),
(1513, 15, 'Montecarlo'),
(1514, 15, 'Nueve de Julio'),
(1515, 15, 'Oberá'),
(1516, 15, 'Olegario V. Andrade'),
(1517, 15, 'Panambí'),
(1518, 15, 'Posadas'),
(1519, 15, 'Profundidad'),
(1520, 15, 'Pto. Iguazú'),
(1521, 15, 'Pto. Leoni'),
(1522, 15, 'Pto. Piray'),
(1523, 15, 'Pto. Rico'),
(1524, 15, 'Ruiz de Montoya'),
(1525, 15, 'San Antonio'),
(1526, 15, 'San Ignacio'),
(1527, 15, 'San Javier'),
(1528, 15, 'San José'),
(1529, 15, 'San Martín'),
(1530, 15, 'San Pedro'),
(1531, 15, 'San Vicente'),
(1532, 15, 'Santiago De Liniers'),
(1533, 15, 'Santo Pipo'),
(1534, 15, 'Sta. Ana'),
(1535, 15, 'Sta. María'),
(1536, 15, 'Tres Capones'),
(1537, 15, 'Veinticinco de Mayo'),
(1538, 15, 'Wanda'),
(1539, 16, 'Aguada San Roque'),
(1540, 16, 'Aluminé'),
(1541, 16, 'Andacollo'),
(1542, 16, 'Añelo'),
(1543, 16, 'Bajada del Agrio'),
(1544, 16, 'Barrancas'),
(1545, 16, 'Buta Ranquil'),
(1546, 16, 'Capital'),
(1547, 16, 'Caviahué'),
(1548, 16, 'Centenario'),
(1549, 16, 'Chorriaca'),
(1550, 16, 'Chos Malal'),
(1551, 16, 'Cipolletti'),
(1552, 16, 'Covunco Abajo'),
(1553, 16, 'Coyuco Cochico'),
(1554, 16, 'Cutral Có'),
(1555, 16, 'El Cholar'),
(1556, 16, 'El Huecú'),
(1557, 16, 'El Sauce'),
(1558, 16, 'Guañacos'),
(1559, 16, 'Huinganco'),
(1560, 16, 'Las Coloradas'),
(1561, 16, 'Las Lajas'),
(1562, 16, 'Las Ovejas'),
(1563, 16, 'Loncopué'),
(1564, 16, 'Los Catutos'),
(1565, 16, 'Los Chihuidos'),
(1566, 16, 'Los Miches'),
(1567, 16, 'Manzano Amargo'),
(1568, 16, '16'),
(1569, 16, 'Octavio Pico'),
(1570, 16, 'Paso Aguerre'),
(1571, 16, 'Picún Leufú'),
(1572, 16, 'Piedra del Aguila'),
(1573, 16, 'Pilo Lil'),
(1574, 16, 'Plaza Huincul'),
(1575, 16, 'Plottier'),
(1576, 16, 'Quili Malal'),
(1577, 16, 'Ramón Castro'),
(1578, 16, 'Rincón de Los Sauces'),
(1579, 16, 'San Martín de Los Andes'),
(1580, 16, 'San Patricio del Chañar'),
(1581, 16, 'Santo Tomás'),
(1582, 16, 'Sauzal Bonito'),
(1583, 16, 'Senillosa'),
(1584, 16, 'Taquimilán'),
(1585, 16, 'Tricao Malal'),
(1586, 16, 'Varvarco'),
(1587, 16, 'Villa Curí Leuvu'),
(1588, 16, 'Villa del Nahueve'),
(1589, 16, 'Villa del Puente Picún Leuvú'),
(1590, 16, 'Villa El Chocón'),
(1591, 16, 'Villa La Angostura'),
(1592, 16, 'Villa Pehuenia'),
(1593, 16, 'Villa Traful'),
(1594, 16, 'Vista Alegre'),
(1595, 16, 'Zapala'),
(1596, 17, 'Aguada Cecilio'),
(1597, 17, 'Aguada de Guerra'),
(1598, 17, 'Allén'),
(1599, 17, 'Arroyo de La Ventana'),
(1600, 17, 'Arroyo Los Berros'),
(1601, 17, 'Bariloche'),
(1602, 17, 'Calte. Cordero'),
(1603, 17, 'Campo Grande'),
(1604, 17, 'Catriel'),
(1605, 17, 'Cerro Policía'),
(1606, 17, 'Cervantes'),
(1607, 17, 'Chelforo'),
(1608, 17, 'Chimpay'),
(1609, 17, 'Chinchinales'),
(1610, 17, 'Chipauquil'),
(1611, 17, 'Choele Choel'),
(1612, 17, 'Cinco Saltos'),
(1613, 17, 'Cipolletti'),
(1614, 17, 'Clemente Onelli'),
(1615, 17, 'Colán Conhue'),
(1616, 17, 'Comallo'),
(1617, 17, 'Comicó'),
(1618, 17, 'Cona Niyeu'),
(1619, 17, 'Coronel Belisle'),
(1620, 17, 'Cubanea'),
(1621, 17, 'Darwin'),
(1622, 17, 'Dina Huapi'),
(1623, 17, 'El Bolsón'),
(1624, 17, 'El Caín'),
(1625, 17, 'El Manso'),
(1626, 17, 'Gral. Conesa'),
(1627, 17, 'Gral. Enrique Godoy'),
(1628, 17, 'Gral. Fernandez Oro'),
(1629, 17, 'Gral. Roca'),
(1630, 17, 'Guardia Mitre'),
(1631, 17, 'Ing. Huergo'),
(1632, 17, 'Ing. Jacobacci'),
(1633, 17, 'Laguna Blanca'),
(1634, 17, 'Lamarque'),
(1635, 17, 'Las Grutas'),
(1636, 17, 'Los Menucos'),
(1637, 17, 'Luis Beltrán'),
(1638, 17, 'Mainqué'),
(1639, 17, 'Mamuel Choique'),
(1640, 17, 'Maquinchao'),
(1641, 17, 'Mencué'),
(1642, 17, 'Mtro. Ramos Mexia'),
(1643, 17, 'Nahuel Niyeu'),
(1644, 17, 'Naupa Huen'),
(1645, 17, 'Ñorquinco'),
(1646, 17, 'Ojos de Agua'),
(1647, 17, 'Paso de Agua'),
(1648, 17, 'Paso Flores'),
(1649, 17, 'Peñas Blancas'),
(1650, 17, 'Pichi Mahuida'),
(1651, 17, 'Pilcaniyeu'),
(1652, 17, 'Pomona'),
(1653, 17, 'Prahuaniyeu'),
(1654, 17, 'Rincón Treneta'),
(1655, 17, 'Río Chico'),
(1656, 17, 'Río Colorado'),
(1657, 17, 'Roca'),
(1658, 17, 'San Antonio Oeste'),
(1659, 17, 'San Javier'),
(1660, 17, 'Sierra Colorada'),
(1661, 17, 'Sierra Grande'),
(1662, 17, 'Sierra Pailemán'),
(1663, 17, 'Valcheta'),
(1664, 17, 'Valle Azul'),
(1665, 17, 'Viedma'),
(1666, 17, 'Villa Llanquín'),
(1667, 17, 'Villa Mascardi'),
(1668, 17, 'Villa Regina'),
(1669, 17, 'Yaminué'),
(1670, 18, 'A. Saravia'),
(1671, 18, 'Aguaray'),
(1672, 18, 'Angastaco'),
(1673, 18, 'Animaná'),
(1674, 18, 'Cachi'),
(1675, 18, 'Cafayate'),
(1676, 18, 'Campo Quijano'),
(1677, 18, 'Campo Santo'),
(1678, 18, 'Capital'),
(1679, 18, 'Cerrillos'),
(1680, 18, 'Chicoana'),
(1681, 18, 'Col. Sta. Rosa'),
(1682, 18, 'Coronel Moldes'),
(1683, 18, 'El Bordo'),
(1684, 18, 'El Carril'),
(1685, 18, 'El Galpón'),
(1686, 18, 'El Jardín'),
(1687, 18, 'El Potrero'),
(1688, 18, 'El Quebrachal'),
(1689, 18, 'El Tala'),
(1690, 18, 'Embarcación'),
(1691, 18, 'Gral. Ballivian'),
(1692, 18, 'Gral. Güemes'),
(1693, 18, 'Gral. Mosconi'),
(1694, 18, 'Gral. Pizarro'),
(1695, 18, 'Guachipas'),
(1696, 18, 'Hipólito Yrigoyen'),
(1697, 18, 'Iruyá'),
(1698, 18, 'Isla De Cañas'),
(1699, 18, 'J. V. Gonzalez'),
(1700, 18, 'La Caldera'),
(1701, 18, 'La Candelaria'),
(1702, 18, 'La Merced'),
(1703, 18, 'La Poma'),
(1704, 18, 'La Viña'),
(1705, 18, 'Las Lajitas'),
(1706, 18, 'Los Toldos'),
(1707, 18, 'Metán'),
(1708, 18, 'Molinos'),
(1709, 18, 'Nazareno'),
(1710, 18, 'Orán'),
(1711, 18, 'Payogasta'),
(1712, 18, 'Pichanal'),
(1713, 18, 'Prof. S. Mazza'),
(1714, 18, 'Río Piedras'),
(1715, 18, 'Rivadavia Banda Norte'),
(1716, 18, 'Rivadavia Banda Sur'),
(1717, 18, 'Rosario de La Frontera'),
(1718, 18, 'Rosario de Lerma'),
(1719, 18, 'Saclantás'),
(1720, 18, '18'),
(1721, 18, 'San Antonio'),
(1722, 18, 'San Carlos'),
(1723, 18, 'San José De Metán'),
(1724, 18, 'San Ramón'),
(1725, 18, 'Santa Victoria E.'),
(1726, 18, 'Santa Victoria O.'),
(1727, 18, 'Tartagal'),
(1728, 18, 'Tolar Grande'),
(1729, 18, 'Urundel'),
(1730, 18, 'Vaqueros'),
(1731, 18, 'Villa San Lorenzo'),
(1732, 19, 'Albardón'),
(1733, 19, 'Angaco'),
(1734, 19, 'Calingasta'),
(1735, 19, 'Capital'),
(1736, 19, 'Caucete'),
(1737, 19, 'Chimbas'),
(1738, 19, 'Iglesia'),
(1739, 19, 'Jachal'),
(1740, 19, 'Nueve de Julio'),
(1741, 19, 'Pocito'),
(1742, 19, 'Rawson'),
(1743, 19, 'Rivadavia'),
(1744, 19, '19'),
(1745, 19, 'San Martín'),
(1746, 19, 'Santa Lucía'),
(1747, 19, 'Sarmiento'),
(1748, 19, 'Ullum'),
(1749, 19, 'Valle Fértil'),
(1750, 19, 'Veinticinco de Mayo'),
(1751, 19, 'Zonda'),
(1752, 20, 'Alto Pelado'),
(1753, 20, 'Alto Pencoso'),
(1754, 20, 'Anchorena'),
(1755, 20, 'Arizona'),
(1756, 20, 'Bagual'),
(1757, 20, 'Balde'),
(1758, 20, 'Batavia'),
(1759, 20, 'Beazley'),
(1760, 20, 'Buena Esperanza'),
(1761, 20, 'Candelaria'),
(1762, 20, 'Capital'),
(1763, 20, 'Carolina'),
(1764, 20, 'Carpintería'),
(1765, 20, 'Concarán'),
(1766, 20, 'Cortaderas'),
(1767, 20, 'El Morro'),
(1768, 20, 'El Trapiche'),
(1769, 20, 'El Volcán'),
(1770, 20, 'Fortín El Patria'),
(1771, 20, 'Fortuna'),
(1772, 20, 'Fraga'),
(1773, 20, 'Juan Jorba'),
(1774, 20, 'Juan Llerena'),
(1775, 20, 'Juana Koslay'),
(1776, 20, 'Justo Daract'),
(1777, 20, 'La Calera'),
(1778, 20, 'La Florida'),
(1779, 20, 'La Punilla'),
(1780, 20, 'La Toma'),
(1781, 20, 'Lafinur'),
(1782, 20, 'Las Aguadas'),
(1783, 20, 'Las Chacras'),
(1784, 20, 'Las Lagunas'),
(1785, 20, 'Las Vertientes'),
(1786, 20, 'Lavaisse'),
(1787, 20, 'Leandro N. Alem'),
(1788, 20, 'Los Molles'),
(1789, 20, 'Luján'),
(1790, 20, 'Mercedes'),
(1791, 20, 'Merlo'),
(1792, 20, 'Naschel'),
(1793, 20, 'Navia'),
(1794, 20, 'Nogolí'),
(1795, 20, 'Nueva Galia'),
(1796, 20, 'Papagayos'),
(1797, 20, 'Paso Grande'),
(1798, 20, 'Potrero de Los Funes'),
(1799, 20, 'Quines'),
(1800, 20, 'Renca'),
(1801, 20, 'Saladillo'),
(1802, 20, 'San Francisco'),
(1803, 20, 'San Gerónimo'),
(1804, 20, 'San Martín'),
(1805, 20, 'San Pablo'),
(1806, 20, 'Santa Rosa de Conlara'),
(1807, 20, 'Talita'),
(1808, 20, 'Tilisarao'),
(1809, 20, 'Unión'),
(1810, 20, 'Villa de La Quebrada'),
(1811, 20, 'Villa de Praga'),
(1812, 20, 'Villa del Carmen'),
(1813, 20, 'Villa Gral. Roca'),
(1814, 20, 'Villa Larca'),
(1815, 20, 'Villa Mercedes'),
(1816, 20, 'Zanjitas'),
(1817, 21, 'Calafate'),
(1818, 21, 'Caleta Olivia'),
(1819, 21, 'Cañadón Seco'),
(1820, 21, 'Comandante Piedrabuena'),
(1821, 21, 'El Calafate'),
(1822, 21, 'El Chaltén'),
(1823, 21, 'Gdor. Gregores'),
(1824, 21, 'Hipólito Yrigoyen'),
(1825, 21, 'Jaramillo'),
(1826, 21, 'Koluel Kaike'),
(1827, 21, 'Las Heras'),
(1828, 21, 'Los Antiguos'),
(1829, 21, 'Perito Moreno'),
(1830, 21, 'Pico Truncado'),
(1831, 21, 'Pto. Deseado'),
(1832, 21, 'Pto. San Julián'),
(1833, 21, 'Pto. 21'),
(1834, 21, 'Río Cuarto'),
(1835, 21, 'Río Gallegos'),
(1836, 21, 'Río Turbio'),
(1837, 21, 'Tres Lagos'),
(1838, 21, 'Veintiocho De Noviembre'),
(1839, 22, 'Aarón Castellanos'),
(1840, 22, 'Acebal'),
(1841, 22, 'Aguará Grande'),
(1842, 22, 'Albarellos'),
(1843, 22, 'Alcorta'),
(1844, 22, 'Aldao'),
(1845, 22, 'Alejandra'),
(1846, 22, 'Álvarez'),
(1847, 22, 'Ambrosetti'),
(1848, 22, 'Amenábar'),
(1849, 22, 'Angélica'),
(1850, 22, 'Angeloni'),
(1851, 22, 'Arequito'),
(1852, 22, 'Arminda'),
(1853, 22, 'Armstrong'),
(1854, 22, 'Arocena'),
(1855, 22, 'Arroyo Aguiar'),
(1856, 22, 'Arroyo Ceibal'),
(1857, 22, 'Arroyo Leyes'),
(1858, 22, 'Arroyo Seco'),
(1859, 22, 'Arrufó'),
(1860, 22, 'Arteaga'),
(1861, 22, 'Ataliva'),
(1862, 22, 'Aurelia'),
(1863, 22, 'Avellaneda'),
(1864, 22, 'Barrancas'),
(1865, 22, 'Bauer Y Sigel'),
(1866, 22, 'Bella Italia'),
(1867, 22, 'Berabevú'),
(1868, 22, 'Berna'),
(1869, 22, 'Bernardo de Irigoyen'),
(1870, 22, 'Bigand'),
(1871, 22, 'Bombal'),
(1872, 22, 'Bouquet'),
(1873, 22, 'Bustinza'),
(1874, 22, 'Cabal'),
(1875, 22, 'Cacique Ariacaiquin'),
(1876, 22, 'Cafferata'),
(1877, 22, 'Calchaquí'),
(1878, 22, 'Campo Andino'),
(1879, 22, 'Campo Piaggio'),
(1880, 22, 'Cañada de Gómez'),
(1881, 22, 'Cañada del Ucle'),
(1882, 22, 'Cañada Rica'),
(1883, 22, 'Cañada Rosquín'),
(1884, 22, 'Candioti'),
(1885, 22, 'Capital'),
(1886, 22, 'Capitán Bermúdez'),
(1887, 22, 'Capivara'),
(1888, 22, 'Carcarañá'),
(1889, 22, 'Carlos Pellegrini'),
(1890, 22, 'Carmen'),
(1891, 22, 'Carmen Del Sauce'),
(1892, 22, 'Carreras'),
(1893, 22, 'Carrizales'),
(1894, 22, 'Casalegno'),
(1895, 22, 'Casas'),
(1896, 22, 'Casilda'),
(1897, 22, 'Castelar'),
(1898, 22, 'Castellanos'),
(1899, 22, 'Cayastá'),
(1900, 22, 'Cayastacito'),
(1901, 22, 'Centeno'),
(1902, 22, 'Cepeda'),
(1903, 22, 'Ceres'),
(1904, 22, 'Chabás'),
(1905, 22, 'Chañar Ladeado'),
(1906, 22, 'Chapuy'),
(1907, 22, 'Chovet'),
(1908, 22, 'Christophersen'),
(1909, 22, 'Classon'),
(1910, 22, 'Cnel. Arnold'),
(1911, 22, 'Cnel. Bogado'),
(1912, 22, 'Cnel. Dominguez'),
(1913, 22, 'Cnel. Fraga'),
(1914, 22, 'Col. Aldao'),
(1915, 22, 'Col. Ana'),
(1916, 22, 'Col. Belgrano'),
(1917, 22, 'Col. Bicha'),
(1918, 22, 'Col. Bigand'),
(1919, 22, 'Col. Bossi'),
(1920, 22, 'Col. Cavour'),
(1921, 22, 'Col. Cello'),
(1922, 22, 'Col. Dolores'),
(1923, 22, 'Col. Dos Rosas'),
(1924, 22, 'Col. Durán'),
(1925, 22, 'Col. Iturraspe'),
(1926, 22, 'Col. Margarita'),
(1927, 22, 'Col. Mascias'),
(1928, 22, 'Col. Raquel'),
(1929, 22, 'Col. Rosa'),
(1930, 22, 'Col. San José'),
(1931, 22, 'Constanza'),
(1932, 22, 'Coronda'),
(1933, 22, 'Correa'),
(1934, 22, 'Crispi'),
(1935, 22, 'Cululú'),
(1936, 22, 'Curupayti'),
(1937, 22, 'Desvio Arijón'),
(1938, 22, 'Diaz'),
(1939, 22, 'Diego de Alvear'),
(1940, 22, 'Egusquiza'),
(1941, 22, 'El Arazá'),
(1942, 22, 'El Rabón'),
(1943, 22, 'El Sombrerito'),
(1944, 22, 'El Trébol'),
(1945, 22, 'Elisa'),
(1946, 22, 'Elortondo'),
(1947, 22, 'Emilia'),
(1948, 22, 'Empalme San Carlos'),
(1949, 22, 'Empalme Villa Constitucion'),
(1950, 22, 'Esmeralda'),
(1951, 22, 'Esperanza'),
(1952, 22, 'Estación Alvear'),
(1953, 22, 'Estacion Clucellas'),
(1954, 22, 'Esteban Rams'),
(1955, 22, 'Esther'),
(1956, 22, 'Esustolia'),
(1957, 22, 'Eusebia'),
(1958, 22, 'Felicia'),
(1959, 22, 'Fidela'),
(1960, 22, 'Fighiera'),
(1961, 22, 'Firmat'),
(1962, 22, 'Florencia'),
(1963, 22, 'Fortín Olmos'),
(1964, 22, 'Franck'),
(1965, 22, 'Fray Luis Beltrán'),
(1966, 22, 'Frontera'),
(1967, 22, 'Fuentes'),
(1968, 22, 'Funes'),
(1969, 22, 'Gaboto'),
(1970, 22, 'Galisteo'),
(1971, 22, 'Gálvez'),
(1972, 22, 'Garabalto'),
(1973, 22, 'Garibaldi'),
(1974, 22, 'Gato Colorado'),
(1975, 22, 'Gdor. Crespo'),
(1976, 22, 'Gessler'),
(1977, 22, 'Godoy'),
(1978, 22, 'Golondrina'),
(1979, 22, 'Gral. Gelly'),
(1980, 22, 'Gral. Lagos'),
(1981, 22, 'Granadero Baigorria'),
(1982, 22, 'Gregoria Perez De Denis'),
(1983, 22, 'Grutly'),
(1984, 22, 'Guadalupe N.'),
(1985, 22, 'Gödeken'),
(1986, 22, 'Helvecia'),
(1987, 22, 'Hersilia'),
(1988, 22, 'Hipatía'),
(1989, 22, 'Huanqueros'),
(1990, 22, 'Hugentobler'),
(1991, 22, 'Hughes'),
(1992, 22, 'Humberto 1º'),
(1993, 22, 'Humboldt'),
(1994, 22, 'Ibarlucea'),
(1995, 22, 'Ing. Chanourdie'),
(1996, 22, 'Intiyaco'),
(1997, 22, 'Ituzaingó'),
(1998, 22, 'Jacinto L. Aráuz'),
(1999, 22, 'Josefina'),
(2000, 22, 'Juan B. Molina'),
(2001, 22, 'Juan de Garay'),
(2002, 22, 'Juncal'),
(2003, 22, 'La Brava'),
(2004, 22, 'La Cabral'),
(2005, 22, 'La Camila'),
(2006, 22, 'La Chispa'),
(2007, 22, 'La Clara'),
(2008, 22, 'La Criolla'),
(2009, 22, 'La Gallareta'),
(2010, 22, 'La Lucila'),
(2011, 22, 'La Pelada'),
(2012, 22, 'La Penca'),
(2013, 22, 'La Rubia'),
(2014, 22, 'La Sarita'),
(2015, 22, 'La Vanguardia'),
(2016, 22, 'Labordeboy'),
(2017, 22, 'Laguna Paiva'),
(2018, 22, 'Landeta'),
(2019, 22, 'Lanteri'),
(2020, 22, 'Larrechea'),
(2021, 22, 'Las Avispas'),
(2022, 22, 'Las Bandurrias'),
(2023, 22, 'Las Garzas'),
(2024, 22, 'Las Palmeras'),
(2025, 22, 'Las Parejas'),
(2026, 22, 'Las Petacas'),
(2027, 22, 'Las Rosas'),
(2028, 22, 'Las Toscas'),
(2029, 22, 'Las Tunas'),
(2030, 22, 'Lazzarino'),
(2031, 22, 'Lehmann'),
(2032, 22, 'Llambi Campbell'),
(2033, 22, 'Logroño'),
(2034, 22, 'Loma Alta'),
(2035, 22, 'López'),
(2036, 22, 'Los Amores'),
(2037, 22, 'Los Cardos'),
(2038, 22, 'Los Laureles'),
(2039, 22, 'Los Molinos'),
(2040, 22, 'Los Quirquinchos'),
(2041, 22, 'Lucio V. Lopez'),
(2042, 22, 'Luis Palacios'),
(2043, 22, 'Ma. Juana'),
(2044, 22, 'Ma. Luisa'),
(2045, 22, 'Ma. Susana'),
(2046, 22, 'Ma. Teresa'),
(2047, 22, 'Maciel'),
(2048, 22, 'Maggiolo'),
(2049, 22, 'Malabrigo'),
(2050, 22, 'Marcelino Escalada'),
(2051, 22, 'Margarita'),
(2052, 22, 'Matilde'),
(2053, 22, 'Mauá'),
(2054, 22, 'Máximo Paz'),
(2055, 22, 'Melincué'),
(2056, 22, 'Miguel Torres'),
(2057, 22, 'Moisés Ville'),
(2058, 22, 'Monigotes'),
(2059, 22, 'Monje'),
(2060, 22, 'Monte Obscuridad'),
(2061, 22, 'Monte Vera'),
(2062, 22, 'Montefiore'),
(2063, 22, 'Montes de Oca'),
(2064, 22, 'Murphy'),
(2065, 22, 'Ñanducita'),
(2066, 22, 'Naré'),
(2067, 22, 'Nelson'),
(2068, 22, 'Nicanor E. Molinas'),
(2069, 22, 'Nuevo Torino'),
(2070, 22, 'Oliveros'),
(2071, 22, 'Palacios'),
(2072, 22, 'Pavón'),
(2073, 22, 'Pavón Arriba');


INSERT INTO `localidad` (`loc_id`, `prov_id`, `loc_des`) VALUES



(2074, 22, 'Pedro Gómez Cello'),
(2075, 22, 'Pérez'),
(2076, 22, 'Peyrano'),
(2077, 22, 'Piamonte'),
(2078, 22, 'Pilar'),
(2079, 22, 'Piñero'),
(2080, 22, 'Plaza Clucellas'),
(2081, 22, 'Portugalete'),
(2082, 22, 'Pozo Borrado'),
(2083, 22, 'Progreso'),
(2084, 22, 'Providencia'),
(2085, 22, 'Pte. Roca'),
(2086, 22, 'Pueblo Andino'),
(2087, 22, 'Pueblo Esther'),
(2088, 22, 'Pueblo Gral. San Martín'),
(2089, 22, 'Pueblo Irigoyen'),
(2090, 22, 'Pueblo Marini'),
(2091, 22, 'Pueblo Muñoz'),
(2092, 22, 'Pueblo Uranga'),
(2093, 22, 'Pujato'),
(2094, 22, 'Pujato N.'),
(2095, 22, 'Rafaela'),
(2096, 22, 'Ramayón'),
(2097, 22, 'Ramona'),
(2098, 22, 'Reconquista'),
(2099, 22, 'Recreo'),
(2100, 22, 'Ricardone'),
(2101, 22, 'Rivadavia'),
(2102, 22, 'Roldán'),
(2103, 22, 'Romang'),
(2104, 22, 'Rosario'),
(2105, 22, 'Rueda'),
(2106, 22, 'Rufino'),
(2107, 22, 'Sa Pereira'),
(2108, 22, 'Saguier'),
(2109, 22, 'Saladero M. Cabal'),
(2110, 22, 'Salto Grande'),
(2111, 22, 'San Agustín'),
(2112, 22, 'San Antonio de Obligado'),
(2113, 22, 'San Bernardo (N.J.)'),
(2114, 22, 'San Bernardo (S.J.)'),
(2115, 22, 'San Carlos Centro'),
(2116, 22, 'San Carlos N.'),
(2117, 22, 'San Carlos S.'),
(2118, 22, 'San Cristóbal'),
(2119, 22, 'San Eduardo'),
(2120, 22, 'San Eugenio'),
(2121, 22, 'San Fabián'),
(2122, 22, 'San Fco. de Santa Fé'),
(2123, 22, 'San Genaro'),
(2124, 22, 'San Genaro N.'),
(2125, 22, 'San Gregorio'),
(2126, 22, 'San Guillermo'),
(2127, 22, 'San Javier'),
(2128, 22, 'San Jerónimo del Sauce'),
(2129, 22, 'San Jerónimo N.'),
(2130, 22, 'San Jerónimo S.'),
(2131, 22, 'San Jorge'),
(2132, 22, 'San José de La Esquina'),
(2133, 22, 'San José del Rincón'),
(2134, 22, 'San Justo'),
(2135, 22, 'San Lorenzo'),
(2136, 22, 'San Mariano'),
(2137, 22, 'San Martín de Las Escobas'),
(2138, 22, 'San Martín N.'),
(2139, 22, 'San Vicente'),
(2140, 22, 'Sancti Spititu'),
(2141, 22, 'Sanford'),
(2142, 22, 'Santo Domingo'),
(2143, 22, 'Santo Tomé'),
(2144, 22, 'Santurce'),
(2145, 22, 'Sargento Cabral'),
(2146, 22, 'Sarmiento'),
(2147, 22, 'Sastre'),
(2148, 22, 'Sauce Viejo'),
(2149, 22, 'Serodino'),
(2150, 22, 'Silva'),
(2151, 22, 'Soldini'),
(2152, 22, 'Soledad'),
(2153, 22, 'Soutomayor'),
(2154, 22, 'Sta. Clara de Buena Vista'),
(2155, 22, 'Sta. Clara de Saguier'),
(2156, 22, 'Sta. Isabel'),
(2157, 22, 'Sta. Margarita'),
(2158, 22, 'Sta. Maria Centro'),
(2159, 22, 'Sta. María N.'),
(2160, 22, 'Sta. Rosa'),
(2161, 22, 'Sta. Teresa'),
(2162, 22, 'Suardi'),
(2163, 22, 'Sunchales'),
(2164, 22, 'Susana'),
(2165, 22, 'Tacuarendí'),
(2166, 22, 'Tacural'),
(2167, 22, 'Tartagal'),
(2168, 22, 'Teodelina'),
(2169, 22, 'Theobald'),
(2170, 22, 'Timbúes'),
(2171, 22, 'Toba'),
(2172, 22, 'Tortugas'),
(2173, 22, 'Tostado'),
(2174, 22, 'Totoras'),
(2175, 22, 'Traill'),
(2176, 22, 'Venado Tuerto'),
(2177, 22, 'Vera'),
(2178, 22, 'Vera y Pintado'),
(2179, 22, 'Videla'),
(2180, 22, 'Vila'),
(2181, 22, 'Villa Amelia'),
(2182, 22, 'Villa Ana'),
(2183, 22, 'Villa Cañas'),
(2184, 22, 'Villa Constitución'),
(2185, 22, 'Villa Eloísa'),
(2186, 22, 'Villa Gdor. Gálvez'),
(2187, 22, 'Villa Guillermina'),
(2188, 22, 'Villa Minetti'),
(2189, 22, 'Villa Mugueta'),
(2190, 22, 'Villa Ocampo'),
(2191, 22, 'Villa San José'),
(2192, 22, 'Villa Saralegui'),
(2193, 22, 'Villa Trinidad'),
(2194, 22, 'Villada'),
(2195, 22, 'Virginia'),
(2196, 22, 'Wheelwright'),
(2197, 22, 'Zavalla'),
(2198, 22, 'Zenón Pereira'),
(2199, 23, 'Añatuya'),
(2200, 23, 'Árraga'),
(2201, 23, 'Bandera'),
(2202, 23, 'Bandera Bajada'),
(2203, 23, 'Beltrán'),
(2204, 23, 'Brea Pozo'),
(2205, 23, 'Campo Gallo'),
(2206, 23, 'Capital'),
(2207, 23, 'Chilca Juliana'),
(2208, 23, 'Choya'),
(2209, 23, 'Clodomira'),
(2210, 23, 'Col. Alpina'),
(2211, 23, 'Col. Dora'),
(2212, 23, 'Col. El Simbolar Robles'),
(2213, 23, 'El Bobadal'),
(2214, 23, 'El Charco'),
(2215, 23, 'El Mojón'),
(2216, 23, 'Estación Atamisqui'),
(2217, 23, 'Estación Simbolar'),
(2218, 23, 'Fernández'),
(2219, 23, 'Fortín Inca'),
(2220, 23, 'Frías'),
(2221, 23, 'Garza'),
(2222, 23, 'Gramilla'),
(2223, 23, 'Guardia Escolta'),
(2224, 23, 'Herrera'),
(2225, 23, 'Icaño'),
(2226, 23, 'Ing. Forres'),
(2227, 23, 'La Banda'),
(2228, 23, 'La Cañada'),
(2229, 23, 'Laprida'),
(2230, 23, 'Lavalle'),
(2231, 23, 'Loreto'),
(2232, 23, 'Los Juríes'),
(2233, 23, 'Los Núñez'),
(2234, 23, 'Los Pirpintos'),
(2235, 23, 'Los Quiroga'),
(2236, 23, 'Los Telares'),
(2237, 23, 'Lugones'),
(2238, 23, 'Malbrán'),
(2239, 23, 'Matara'),
(2240, 23, 'Medellín'),
(2241, 23, 'Monte Quemado'),
(2242, 23, 'Nueva Esperanza'),
(2243, 23, 'Nueva Francia'),
(2244, 23, 'Palo Negro'),
(2245, 23, 'Pampa de Los Guanacos'),
(2246, 23, 'Pinto'),
(2247, 23, 'Pozo Hondo'),
(2248, 23, 'Quimilí'),
(2249, 23, 'Real Sayana'),
(2250, 23, 'Sachayoj'),
(2251, 23, 'San Pedro de Guasayán'),
(2252, 23, 'Selva'),
(2253, 23, 'Sol de Julio'),
(2254, 23, 'Sumampa'),
(2255, 23, 'Suncho Corral'),
(2256, 23, 'Taboada'),
(2257, 23, 'Tapso'),
(2258, 23, 'Termas de Rio Hondo'),
(2259, 23, 'Tintina'),
(2260, 23, 'Tomas Young'),
(2261, 23, 'Vilelas'),
(2262, 23, 'Villa Atamisqui'),
(2263, 23, 'Villa La Punta'),
(2264, 23, 'Villa Ojo de Agua'),
(2265, 23, 'Villa Río Hondo'),
(2266, 23, 'Villa Salavina'),
(2267, 23, 'Villa Unión'),
(2268, 23, 'Vilmer'),
(2269, 23, 'Weisburd'),
(2270, 24, 'Río Grande'),
(2271, 24, 'Tolhuin'),
(2272, 24, 'Ushuaia'),
(2273, 25, 'Acheral'),
(2274, 25, 'Agua Dulce'),
(2275, 25, 'Aguilares'),
(2276, 25, 'Alderetes'),
(2277, 25, 'Alpachiri'),
(2278, 25, 'Alto Verde'),
(2279, 25, 'Amaicha del Valle'),
(2280, 25, 'Amberes'),
(2281, 25, 'Ancajuli'),
(2282, 25, 'Arcadia'),
(2283, 25, 'Atahona'),
(2284, 25, 'Banda del Río Sali'),
(2285, 25, 'Bella Vista'),
(2286, 25, 'Buena Vista'),
(2287, 25, 'Burruyacú'),
(2288, 25, 'Capitán Cáceres'),
(2289, 25, 'Cevil Redondo'),
(2290, 25, 'Choromoro'),
(2291, 25, 'Ciudacita'),
(2292, 25, 'Colalao del Valle'),
(2293, 25, 'Colombres'),
(2294, 25, 'Concepción'),
(2295, 25, 'Delfín Gallo'),
(2296, 25, 'El Bracho'),
(2297, 25, 'El Cadillal'),
(2298, 25, 'El Cercado'),
(2299, 25, 'El Chañar'),
(2300, 25, 'El Manantial'),
(2301, 25, 'El Mojón'),
(2302, 25, 'El Mollar'),
(2303, 25, 'El Naranjito'),
(2304, 25, 'El Naranjo'),
(2305, 25, 'El Polear'),
(2306, 25, 'El Puestito'),
(2307, 25, 'El Sacrificio'),
(2308, 25, 'El Timbó'),
(2309, 25, 'Escaba'),
(2310, 25, 'Esquina'),
(2311, 25, 'Estación Aráoz'),
(2312, 25, 'Famaillá'),
(2313, 25, 'Gastone'),
(2314, 25, 'Gdor. Garmendia'),
(2315, 25, 'Gdor. Piedrabuena'),
(2316, 25, 'Graneros'),
(2317, 25, 'Huasa Pampa'),
(2318, 25, 'J. B. Alberdi'),
(2319, 25, 'La Cocha'),
(2320, 25, 'La Esperanza'),
(2321, 25, 'La Florida'),
(2322, 25, 'La Ramada'),
(2323, 25, 'La Trinidad'),
(2324, 25, 'Lamadrid'),
(2325, 25, 'Las Cejas'),
(2326, 25, 'Las Talas'),
(2327, 25, 'Las Talitas'),
(2328, 25, 'Los Bulacio'),
(2329, 25, 'Los Gómez'),
(2330, 25, 'Los Nogales'),
(2331, 25, 'Los Pereyra'),
(2332, 25, 'Los Pérez'),
(2333, 25, 'Los Puestos'),
(2334, 25, 'Los Ralos'),
(2335, 25, 'Los Sarmientos'),
(2336, 25, 'Los Sosa'),
(2337, 25, 'Lules'),
(2338, 25, 'M. García Fernández'),
(2339, 25, 'Manuela Pedraza'),
(2340, 25, 'Medinas'),
(2341, 25, 'Monte Bello'),
(2342, 25, 'Monteagudo'),
(2343, 25, 'Monteros'),
(2344, 25, 'Padre Monti'),
(2345, 25, 'Pampa Mayo'),
(2346, 25, 'Quilmes'),
(2347, 25, 'Raco'),
(2348, 25, 'Ranchillos'),
(2349, 25, 'Río Chico'),
(2350, 25, 'Río Colorado'),
(2351, 25, 'Río Seco'),
(2352, 25, 'Rumi Punco'),
(2353, 25, 'San Andrés'),
(2354, 25, 'San Felipe'),
(2355, 25, 'San Ignacio'),
(2356, 25, 'San Javier'),
(2357, 25, 'San José'),
(2358, 25, 'San Miguel de 25'),
(2359, 25, 'San Pedro'),
(2360, 25, 'San Pedro de Colalao'),
(2361, 25, 'Santa Rosa de Leales'),
(2362, 25, 'Sgto. Moya'),
(2363, 25, 'Siete de Abril'),
(2364, 25, 'Simoca'),
(2365, 25, 'Soldado Maldonado'),
(2366, 25, 'Sta. Ana'),
(2367, 25, 'Sta. Cruz'),
(2368, 25, 'Sta. Lucía'),
(2369, 25, 'Taco Ralo'),
(2370, 25, 'Tafí del Valle'),
(2371, 25, 'Tafí Viejo'),
(2372, 25, 'Tapia'),
(2373, 25, 'Teniente Berdina'),
(2374, 25, 'Trancas'),
(2375, 25, 'Villa Belgrano'),
(2376, 25, 'Villa Benjamín Araoz'),
(2377, 25, 'Villa Chiligasta'),
(2378, 25, 'Villa de Leales'),
(2379, 25, 'Villa Quinteros'),
(2380, 25, 'Yánima'),
(2381, 25, 'Yerba Buena'),
(2382, 25, 'Yerba Buena (S)');






CREATE TABLE IF NOT EXISTS vendedor(
	vend_id int(11) NOT NULL AUTO_INCREMENT,
	vend_apellido char(30), 
	vend_nombres char(30), 
	vend_porc_comis decimal(5,2),
	CONSTRAINT pk_vendedor PRIMARY KEY (vend_id)
);

INSERT INTO `vendedor`(`vend_id`, `vend_apellido`, `vend_nombres`, `vend_porc_comis`) VALUES 
(1,	'ARANDA', '	MIRTA', '10,00'),
(2,	'SOTO', 'RODRIGO', '10,00'),
(3,	'DIAZ', 'SERGIO', '10,00'),
(4,	'SANCHEZ', 'ANTONELLA', '10,00'),
(5,	'FERNANDEZ', 'ADRIANA', '10,00'),
(6,	'HILLEBRAND', 'SANTIAGO', '10,00'),
(7,	'ROJAS', 'GERARDO', '10,00'),
(8,	'FERNANDEZ', 'MARIANA', '10,00'),
(9,	'DIAZ', 'PATRICIA', '10,00');


CREATE TABLE IF NOT EXISTS domicilio (
	dom_id int(11) NOT NULL AUTO_INCREMENT,
	dom_calle char(50),
	loc_id int,
	CONSTRAINT pk_domicilio PRIMARY KEY (dom_id),
	CONSTRAINT fk_localidad FOREIGN key (loc_id) REFERENCES localidad(loc_id)
);




INSERT INTO `domicilio`(`dom_id`, `dom_calle`, `loc_id`) VALUES
(1,	'COL.LIEBIG CTES', '235'),
(2,	'B°JAPON 4420', '45'),
(3,	'PEDERNERA 87', '212'),
(4,	'ZAPIOLA 2230', '215'),
(5,	'BOLIVAR1553', '450'),
(6,	'AV.115 N° 1834', '101'),
(7,	'B°JAPON 4420', '	101'),
(8,	'B° 40 VIV. CASA 25', '1518'),
(9,	'SAN LORENZO 97', '101'),
(10,'CH 193 ED. B 13', '101'),
(11, 'CH 120 MZ 6 CASA 15', '1518'),
(12, 'PERITO MORENO 3140', '101'),
(13, 'B°JAPON 4420', '101'),
(14, 'QUINTANA 1136', '1518'),
(15, 'CH 120 MZ L CASA 10', '101'),
(16, 'NEUQUEN 1538', '1518'),
(17, 'PVIA JUJUY', '101'),
(18, 'GUEMES N°12', '94'),
(19, '3 de Febrero Nº2329', '94'),
(20, 'B°JAPON 4420', '1518'),
(21, 'B°JAPON 4420', '94'),
(22, 'B°JAPON 4420', '1023'),
(23, 'PEDRO CORREZ 2217', '94'),
(24, 'BELGRANO 1832', '94'),
(25, 'AV. CABRED 2471', '94'),
(26, 'LA RIOJA 1859', '94'),
(27, 'B°JAPON 4420', '94'),
(28, 'M.FIERRO3126', '94'),
(29, 'CAMPO GRANDE', '94'),
(30, 'MENDOZA 3449', '1518'),
(31, 'MENDOZA 3450', '94'),
(32, 'LA PLATA ', '94'),
(33, 'MONTECARLOS MNES', '94'),
(34, 'PADRE NEUQUEN 4396', '1023'),
(35, 'CALLE 95 2023', '94'),
(36, 'SAN IGNACIO 3300', '94'),
(37, 'CALLE 128 Nº5545', '94'),
(38, 'rota 8542', '94'),
(39, 'BºPARQUE 2 DE ABRIL', '101'),
(40, 'España 3352', '1518'),
(41, 'Derqui 1256', '101'),
(42, 'Perito Moreno 3140', '94'),
(43, 'Derqui 1256', '101'),
(44, 'Perito Moreno 3140', '1023'),
(45, 'CALLE 128 Nº5545', '101'),
(46, 'ALBA POSSE', '101'),
(47, 'BºPARQUE 2 DE ABRIL', '101'),
(48, 'España 3352', '1023'),
(49, 'Derqui 1256', '94'),
(50, 'Perito Moreno 3140', '101'),
(51, 'GUEMES N°12 APOSTOLES', '94'),
(52, 'ARTIGAS 3404', '94'),
(53, 'CH 128 CALLE 66 C 306', '101'),
(54, 'CH 107 CALLE 09 C 30', '101'),
(55, 'SAN IGNACIO-MNES', '1518'),
(56, 'CALLE 128 Nº5545', '101'),
(57, 'ALBA POSSE', '101'),
(58, 'BºPARQUE 2 DE ABRIL', '101'),
(59, 'España 3352', '1023'),
(60, 'Derqui 1256', '101'),
(61, 'Perito Moreno 3140', '101'),
(62, 'Bº PROOBRAS', '94'),
(63, 'CALLE 34 3745', '101'),
(64, 'MAGRI 1379', '101'),
(65, 'PTO RICO', '101'),
(66, 'PTO RICO', '1023'),
(67, 'BºSAN MARCOS 3461', '101'),
(68, 'POSADAS', '94'),
(69, 'ENTRE RIOS 31-PDAS', '94'),
(70, 'OBERA-MNES', '94');



CREATE TABLE IF NOT EXISTS cliente(
	clie_id int(11) NOT NULL AUTO_INCREMENT,
	clie_razon char(40), 
	clie_nombre char(40), 
	dom_id int, 
	CONSTRAINT pk_clientes PRIMARY KEY (clie_id),
	CONSTRAINT fk_domicilio FOREIGN KEY (dom_id) REFERENCES domicilio(dom_id)
);

INSERT INTO `cliente`(`clie_id`, `clie_razon`, `clie_nombre`, `dom_id`) VALUES 
(1, '', 'BARBIAN MATIAS', '34'),
(2, '', 'CARLOS BOTIUK', '43'),
(3, '', 'DARIO ALDANA', '55'),
(4, '', 'PELINA FRINED', '6'),
(5, '', 'JAVIER ALMADA', '21'),
(6, '', 'MARIELA (MACRI)', '29'),
(7, '', 'ALICIA HEIN', '50'),
(8, '', 'MARTIN LUIS', '42'),
(9, '', 'PAOLA CALISTRO', '3'),
(10, '', 'RODRIGUEZ RAMON', '68'),
(11, '', 'GUILLERMO ORSAT', '46'),
(12, '', 'CARLOS RAMPONI', '15'),
(13, '', 'PAMELA ALMADA', '36'),
(14, '', 'JAVIER ALMADA', '52'),
(15, '', 'LUIS MARTIN', '2'),
(16, '', 'TARNOSKI', '65'),
(17, '', 'ALBERTO MORALES', '17'),
(18, '', 'ANGEL MARTINEZ', '33'),
(19, '', 'DARIO', '11'),
(20, '', 'MARCELO BOGADO', '10'),
(21, '', 'JAVIER ALMADA', '14'),
(22, '', 'DE SOUZA HECTOR', '44'),
(23, '', 'MARCELO DELGADO', '3'),
(24, '', 'YONATAN LUKOSKI', '4'),
(25, '', 'DORA DURE', '33'),
(26, '', 'GUSTAVO ACTIS(PARQUE TECNOLOGICO)', '28'),
(27, '', 'GIULIA CACCIN', '38'),
(28, '', 'ALEJANDRO GONZALEZ', '45'),
(29, '', 'LUISIANA PORTILLO', '46'),
(30, '', 'GUILLERMO FERNANDEZ', '23'),
(31, '', 'MARIA DUARTE', '62'),
(32, '', 'JORGE HIPPLE', '65'),
(33, '', 'SEBASTIAN MEDINA', '59'),
(34, '', 'JUAN GARCIA', '12'),
(35, '', 'RAUL BARRUFALDI', '20'),
(36, '', '', '34'),
(37, '', 'MARCELO DELGADO', '7'),
(38, '', 'JUAN BERNAL', '8'),
(39, '', 'CECILIA ROSIAK', '14'),
(40, '', 'JOSE FERREIRA', '24'),
(41, '', 'NORMA PINEDA', '44'),
(42, '', 'CARLA CUCZUK', '27'),
(43, '', 'SILVIO SOTELO', '69'),
(44, '', 'MAURICIO ALVES', '65'),
(45, '', 'DIEGO FANTUCHI', '70'),
(46, '', 'FABIANA PARLASUR', '50'),
(47, '', 'RUNKE ESTEBAN', '31'),
(48, '', 'REINKO LILIANA', '23'),
(49, '', 'TRINIDAD LIOTTA', '38'),
(50, '', 'NADIA TARNOSKI', '70'),
(51, '', 'LUIS SOTELO', '8'),
(52, '', 'LAURA CACERES', '49'),
(53, '', 'VERONICA MAIDANA', '52'),
(54, '', 'STRIEDER RAIMUNDO', '38'),
(55, '', 'ALEJANDRO PEEPO', '11'),
(56, '', 'DAIANA BARBARO', '63'),
(57, '', 'CLAUDELINA ISABEL CARRERA SILVA', '68'),
(58, '', 'WALTER MACHADO', '61'),
(59, '', 'MARIA LUISA CANEVA', '20'),
(60, '', 'VIRGINIA AGENCIA DOPPLER', '1'),
(61, '', 'BENITEZ JORGE', '33'),
(62, '', 'YASMIN ZAMPACA', '38'),
(63, '', 'GRACIELA WORONOWICZ', '59'),
(64, '', 'JORGE ESCALANTE', '11'),
(65, '', 'MIGUEL ANGEL BOGADO', '60'),
(66, '', 'RAMONA NUÑEZ', '57'),
(67, '', 'ALEXIS SOSA', '35'),
(68, '', 'ROSANA LUGRIN', '68'),
(69, '', 'CLAUDIO CLERMONT', '68'),
(70, '', 'DAVID ULFSJOO', '26'),
(71, '', 'CLAUDIA BOGADO', '38'),
(72, '', 'MABEL CARDOZO', '57'),
(73, '', 'ANA RIOS', '44'),
(74, '', 'SANDRA GULARTE', '49'),
(75, '', 'LAURA BACKES.', '69'),
(76, '', 'LAURA HETTINGER', '31'),
(77, '', 'GUILLERMO CRIBB LIBARDI', '28'),
(78, '', 'GRACIELA LOPEZ', '15'),
(79, '', 'ARACELLI BRIZUELA', '70'),
(80, '', 'HECTOR ACOSTA', '55'),
(81, '', 'JUAN CARLOS CABASSI', '40'),
(82, '', 'SEBASTIAN TENAYO', '37'),
(83, '', 'IRRAZABAL RAUL', '12'),
(84, '', 'CASILDO HECK', '17'),
(85, '', 'NOLAZQUE MIRTA', '68'),
(86, '', 'MERCEDES MORAIS', '32'),
(87, '', 'VICTOR GUERRERO', '11'),
(88, '', 'CECILIA RODRIGUEZ', '28'),
(89, '', 'CRISTINA STEVENSON', '44'),
(90, '', 'MONICA SANCHEZ', '17'),
(91, '', 'DIEGO SALDIVIA', '19'),
(92, '', 'CARMEN CAMEN', '7'),
(93, '', 'MARIANA BARCHUK', '63'),
(94, '', 'DARDO AGUIRRE', '3'),
(95, '', 'NORMA BESOL', '30'),
(96, '', 'FEDERICO LOCKETT', '22'),
(97, '', 'LUISINA PERÓ', '4'),
(98, '', 'MARILENA STEVENS', '50'),
(99, '', 'MACHICOTE PABLO', '20'),
(100, '', 'CARINA ELENA BRODZICZ', '3'),
(101, '', 'SILVINA GOERLNG', '28'),
(102, '', 'MARILENA STEVENS', '14'),
(103, '', 'BIBIANA GALEANO', '50'),
(104, '', 'SILVINA GOERLNG', '9'),
(105, '', 'MICHELA BERTOLOTTI', '66'),
(106, '', 'MARIANO MAYOL', '28'),
(107, '', 'MARCELA DIAZ', '25'),
(108, '', 'NESTOR ORTIZ', '54'),
(109, '', 'PEDRO DUARTE', '26'),
(110, '', 'NATALIA ROA', '66'),
(111, '', 'TERESA POLATTINI', '37'),
(112, '', 'MAURO ARANDA', '39'),
(113, '', 'JOSE LUIS BAEZ', '24'),
(114, '', 'BARRIOS BLANCA', '28'),
(115, '', 'MERCEDES VERA', '9'),
(116, '', 'SILVIA ITATI SANCHEZ', '35'),
(117, '', 'MARCOS STEVENS', '4'),
(118, '', 'MIRIAM CHELALICHE', '37'),
(119, '', 'GERONIMO GALEANO', '22'),
(120, '', 'GRABRIEL GORTARI', '20'),
(121, '', 'CRISTIAN SCHMIDT', '27'),
(122, '', 'EDUARDO SANCHEZ', '68'),
(123, '', 'GRISELL WORBACH', '9'),
(124, '', 'EUGENIA NUINEN', '13'),
(125, '', 'GLADYS ESCOBAR', '63'),
(126, '', 'JOAQUIN DELPIANO', '37'),
(127, '', 'JOSE PIZAT', '68'),
(128, '', 'JUAN CARLOS GOMEZ PEREIRA', '7'),
(129, '', 'PABLO ANDRES BOERO', '51');







CREATE TABLE IF NOT EXISTS pto_vta(
 	pto_vta_id int(11) NOT NULL AUTO_INCREMENT,
  	pto_vta_descr varchar(50),
  	PRIMARY KEY (pto_vta_id)
);

INSERT INTO `pto_vta`(`pto_vta_id`, `pto_vta_descr`) VALUES 
(1,	'Posadas 1'),
(2,	'Posadas 2'),
(3,	'Garupa 1'),
(4,	'Candelaria 1'),
(5,	'Garupa 2'),
(6,	'CBA 1'),
(7,	'CBA 2'),
(8,	'Snatiago 1'),
(9,	'Cordoba 1'),
(10,'Candelaria 2'),
(11,'Cordoba 2');



CREATE TABLE IF NOT EXISTS fac_cab(
	fac_cab_id int(11) NOT NULL AUTO_INCREMENT, #factura numero
	fac_cab_fecha date, 
	fac_cab_monto_bruto decimal(5,2),  
	fac_cab_iva decimal(5,2),
	clie_id int, 
	vend_id int, 
	pto_vta int, 
	CONSTRAINT pk_fac_cab PRIMARY KEY(fac_cab_id),
	CONSTRAINT fk_pto_vta FOREIGN KEY (pto_vta) REFERENCES pto_vta(pto_vta_id),
	CONSTRAINT fk_clie_id FOREIGN KEY (clie_id) REFERENCES cliente(clie_id),
	CONSTRAINT fk_vend_id FOREIGN KEY (vend_id) REFERENCES vendedor(vend_id)
);
INSERT INTO `fac_cab`(`fac_cab_id`, `fac_cab_fecha`, `fac_cab_monto_bruto`, `fac_cab_iva`, `clie_id`, `vend_id`, `pto_vta`) VALUES
(1, '2017-9-28', '375,62', '7,88802', '41', '5', '1'),
(2, '2016-7-12', '300,38', '6,30798', '95', '2', '4'),
(3, '2016-7-21', '49,45', '1,03845', '83', '6', '5'),
(4, '2017-6-1', '489,27', '10,27467', '52', '1', '8'),
(5, '2016-11-18', '689,7', '14,4837', '96', '7', '2'),
(6, '2017-10-30', '82,75', '1,73775', '90', '4', '11'),
(7, '2016-11-17', '408,85', '8,58585', '88', '1', '9'),
(8, '2017-1-25', '369,74', '7,76454', '33', '4', '6'),
(9, '2017-10-12', '370,22', '7,77462', '101', '9', '2'),
(10, '2016-6-12', '408,40', '8,5764', '78', '2', '7'),
(11, '2016-5-3', '820,76', '17,23596', '56', '2', '5'),
(12, '2017-11-3', '241,39', '5,06919', '14', '3', '10'),
(13, '2017-9-22', '994,30', '20,8803', '73', '3', '6'),
(14, '2016-3-28', '184,17', '3,86757', '71', '3', '3'),
(15, '2016-10-12', '438,85', '9,21585', '112', '4', '5'),
(16, '2016-11-27', '158,74', '3,33354', '86', '3', '2'),
(17, '2017-7-7', '114,85', '2,41185', '37', '5', '7'),
(18, '2017-2-5', '140,99', '2,96079', '97', '3', '9'),
(19, '2017-3-22', '108,13', '2,27073', '90', '7', '1'),
(20, '2017-1-19', '115,22', '2,41962', '114', '1', '8'),
(21, '2017-10-8', '337,66', '7,09086', '29', '1', '9'),
(22, '2016-1-22', '135,16', '2,83836', '105', '1', '6'),
(23, '2016-12-11', '868,68', '18,24228', '14', '5', '2'),
(24, '2016-7-29', '520,60', '10,9326', '30', '7', '7'),
(25, '2017-6-28', '367,26', '7,71246', '54', '6', '4'),
(26, '2017-5-7', '838,84', '17,61564', '7', '6', '6'),
(27, '2017-6-29', '673,57', '14,14497', '39', '2', '7'),
(28, '2016-7-17', '972,39', '20,42019', '42', '4', '2'),
(29, '2016-11-1', '733,26', '15,39846', '114', '7', '3'),
(30, '2016-4-9', '548,87', '11,52627', '113', '4', '3'),
(31, '2017-4-20', '918,94', '19,29774', '111', '5', '2'),
(32, '2017-7-8', '962,27', '20,20767', '19', '4', '1'),
(33, '2017-8-2', '284,13', '5,96673', '101', '8', '2'),
(34, '2017-1-2', '526,98', '11,06658', '79', '4', '9'),
(35, '2016-5-30', '470,22', '9,87462', '40', '2', '5'),
(36, '2017-12-15', '517,97', '10,87737', '117', '5', '10'),
(37, '2017-4-28', '747,48', '15,69708', '21', '8', '3'),
(38, '2017-1-4', '520,72', '10,93512', '51', '6', '10'),
(39, '2017-8-19', '171,68', '3,60528', '19', '7', '3'),
(40, '2016-6-8', '55,14', '1,15794', '88', '7', '5'),
(41, '2016-3-24', '969,38', '20,35698', '67', '9', '5'),
(42, '2017-1-29', '335,89', '7,05369', '128', '8', '5'),
(43, '2016-4-4', '6,68', '0,14028', '23', '2', '4'),
(44, '2017-12-18', '976,80', '20,5128', '55', '1', '7'),
(45, '2017-10-7', '641,87', '13,47927', '42', '4', '1'),
(46, '2017-1-10', '628,11', '13,19031', '93', '2', '2'),
(47, '2017-12-4', '405,41', '8,51361', '123', '2', '9'),
(48, '2017-8-27', '756,52', '15,88692', '17', '1', '11'),
(49, '2017-6-18', '594,90', '12,4929', '23', '2', '3'),
(50, '2016-11-13', '307,80', '6,4638', '95', '2', '8'),
(51, '2016-8-8', '383,82', '8,06022', '70', '8', '5'),
(52, '2017-8-18', '549,43', '11,53803', '125', '7', '3'),
(53, '2017-3-3', '21,41', '0,44961', '49', '2', '8'),
(54, '2016-4-28', '168,89', '3,54669', '54', '6', '6'),
(55, '2017-11-28', '471,29', '9,89709', '19', '5', '5'),
(56, '2016-1-6', '602,60', '12,6546', '106', '3', '4'),
(57, '2017-9-6', '172,96', '3,63216', '116', '3', '2'),
(58, '2016-10-12', '694,91', '14,59311', '89', '2', '10'),
(59, '2017-4-9', '647,90', '13,6059', '16', '2', '1'),
(60, '2016-8-18', '957,61', '20,10981', '84', '2', '5'),
(61, '2016-11-19', '386,65', '8,11965', '31', '6', '4'),
(62, '2016-3-3', '130,10', '2,7321', '40', '6', '10'),
(63, '2016-4-30', '729,75', '15,32475', '51', '3', '4'),
(64, '2017-12-9', '257,14', '5,39994', '54', '8', '10'),
(65, '2017-6-5', '522,72', '10,97712', '63', '3', '11'),
(66, '2017-6-9', '241,13', '5,06373', '87', '8', '8'),
(67, '2016-8-7', '929,37', '19,51677', '62', '1', '7'),
(68, '2016-8-16', '622,91', '13,08111', '69', '6', '9'),
(69, '2017-8-25', '125,31', '2,63151', '77', '1', '2'),
(70, '2016-3-21', '412,19', '8,65599', '73', '8', '1'),
(71, '2016-8-8', '530,19', '11,13399', '66', '9', '6'),
(72, '2016-3-2', '928,53', '19,49913', '31', '5', '8'),
(73, '2016-2-11', '911,42', '19,13982', '109', '4', '7'),
(74, '2017-1-26', '951,68', '19,98528', '114', '5', '10'),
(75, '2016-6-2', '891,95', '18,73095', '121', '7', '6'),
(76, '2016-3-15', '943,81', '19,82001', '18', '4', '1'),
(77, '2016-12-30', '415,66', '8,72886', '100', '7', '9'),
(78, '2017-12-22', '776,72', '16,31112', '47', '4', '10'),
(79, '2017-10-23', '245,9', '5,1639', '112', '7', '4'),
(80, '2017-3-2', '146,72', '3,08112', '123', '5', '10'),
(81, '2017-9-20', '854,72', '17,94912', '33', '1', '1'),
(82, '2017-3-30', '852,29', '17,89809', '87', '4', '10'),
(83, '2017-3-16', '972,62', '20,42502', '32', '3', '2'),
(84, '2016-11-15', '200,4', '4,2084', '26', '2', '4'),
(85, '2016-9-19', '571,40', '11,9994', '41', '8', '9'),
(86, '2017-5-26', '39,60', '0,8316', '79', '8', '2'),
(87, '2017-7-11', '352,27', '7,39767', '30', '2', '1'),
(88, '2017-11-29', '399,40', '8,3874', '30', '5', '6'),
(89, '2016-3-2', '613,68', '12,88728', '6', '8', '9'),
(90, '2017-11-5', '240,18', '5,04378', '10', '5', '7'),
(91, '2016-6-11', '936,64', '19,66944', '69', '7', '6'),
(92, '2017-2-5', '557,31', '11,70351', '12', '5', '9'),
(93, '2017-2-16', '300,37', '6,30777', '77', '7', '7'),
(94, '2016-4-2', '996,57', '20,92797', '22', '4', '10'),
(95, '2017-6-1', '73,62', '1,54602', '80', '2', '2'),
(96, '2017-2-17', '148,10', '3,1101', '105', '6', '5'),
(97, '2016-2-30', '848,89', '17,82669', '14', '1', '1'),
(98, '2017-5-26', '916,67', '19,25007', '80', '5', '1'),
(99, '2017-7-22', '219,56', '4,61076', '122', '6', '4'),
(100, '2017-1-2', '694,29', '14,58009', '52', '9', '7'),
(101, '2017-12-25', '392,70', '8,2467', '18', '8', '2'),
(102, '2016-1-16', '597,39', '12,54519', '25', '7', '10'),
(103, '2016-2-19', '56,79', '1,19259', '85', '8', '2'),
(104, '2017-12-30', '685,53', '14,39613', '61', '2', '6'),
(105, '2017-4-16', '969,18', '20,35278', '103', '8', '10'),
(106, '2017-7-28', '913,64', '19,18644', '3', '5', '6'),
(107, '2017-5-29', '575,39', '12,08319', '69', '2', '3'),
(108, '2016-11-22', '537,11', '11,27931', '28', '3', '2'),
(109, '2016-4-6', '336,83', '7,07343', '119', '9', '5'),
(110, '2017-12-6', '844,29', '17,73009', '121', '7', '7'),
(111, '2016-11-7', '614,51', '12,90471', '115', '4', '10'),
(112, '2017-11-22', '369,85', '7,76685', '58', '5', '11'),
(113, '2017-3-11', '642,56', '13,49376', '83', '1', '3'),
(114, '2017-12-10', '203,43', '4,27203', '15', '9', '4'),
(115, '2017-9-13', '534,52', '11,22492', '117', '6', '11'),
(116, '2017-3-12', '611,84', '12,84864', '70', '2', '5'),
(117, '2017-8-15', '359,91', '7,55811', '56', '8', '10'),
(118, '2016-3-29', '941,2', '19,7652', '95', '3', '8'),
(119, '2017-10-26', '13,81', '0,29001', '74', '1', '3'),
(120, '2017-1-21', '719,19', '15,10299', '103', '6', '1'),
(121, '2016-8-23', '981,80', '20,6178', '61', '7', '6'),
(122, '2017-5-11', '902,82', '18,95922', '72', '6', '9'),
(123, '2016-2-5', '142,1', '2,9841', '12', '1', '11'),
(124, '2016-11-14', '506,79', '10,64259', '56', '6', '1'),
(125, '2017-8-1', '392,12', '8,23452', '96', '2', '9'),
(126, '2017-11-13', '178,22', '3,74262', '49', '8', '2'),
(127, '2017-10-28', '303,90', '6,3819', '71', '4', '6'),
(128, '2016-8-3', '872,5', '18,3225', '20', '8', '9'),
(129, '2017-11-9', '918,7', '19,2927', '52', '3', '4'),
(130, '2016-9-1', '460,34', '9,66714', '120', '7', '6'),
(131, '2017-5-25', '516,53', '10,84713', '21', '2', '3'),
(132, '2017-8-19', '947,63', '19,90023', '34', '9', '1'),
(133, '2016-10-17', '462,35', '9,70935', '28', '6', '2'),
(134, '2016-10-3', '41,42', '0,86982', '88', '2', '8'),
(135, '2016-3-29', '220,91', '4,63911', '58', '2', '3'),
(136, '2016-9-20', '905,2', '19,0092', '53', '6', '1'),
(137, '2016-10-21', '241,32', '5,06772', '20', '3', '5'),
(138, '2017-9-28', '334,58', '7,02618', '71', '2', '3'),
(139, '2016-8-3', '699,66', '14,69286', '6', '5', '1'),
(140, '2016-7-23', '993,26', '20,85846', '94', '5', '4'),
(141, '2016-7-29', '9,88', '0,20748', '48', '6', '3'),
(142, '2016-6-14', '86,26', '1,81146', '67', '1', '7'),
(143, '2016-11-3', '611,29', '12,83709', '7', '9', '1'),
(144, '2017-4-5', '518,29', '10,88409', '110', '9', '11'),
(145, '2017-9-13', '812,76', '17,06796', '34', '3', '3'),
(146, '2017-3-10', '657,1', '13,7991', '81', '4', '7'),
(147, '2016-7-7', '308,93', '6,48753', '21', '5', '11'),
(148, '2017-2-15', '833,68', '17,50728', '127', '4', '3'),
(149, '2017-11-7', '629,29', '13,21509', '37', '1', '3'),
(150, '2016-10-7', '25,46', '0,53466', '120', '5', '3'),
(151, '2017-7-25', '934,10', '19,6161', '128', '4', '11'),
(152, '2016-4-19', '579,61', '12,17181', '25', '3', '8'),
(153, '2016-10-4', '466,96', '9,80616', '83', '3', '4'),
(154, '2017-8-18', '393,64', '8,26644', '30', '7', '9'),
(155, '2017-12-26', '487,13', '10,22973', '28', '6', '3'),
(156, '2016-5-14', '706,56', '14,83776', '55', '2', '6'),
(157, '2016-7-21', '746,37', '15,67377', '23', '7', '11'),
(158, '2016-1-22', '566,93', '11,90553', '105', '1', '5'),
(159, '2017-8-20', '300,96', '6,32016', '73', '3', '4'),
(160, '2016-11-28', '42,93', '0,90153', '5', '1', '7'),
(161, '2016-6-1', '74,18', '1,55778', '127', '8', '7'),
(162, '2016-10-2', '474,30', '9,9603', '63', '6', '6'),
(163, '2017-10-5', '666,32', '13,99272', '100', '9', '1'),
(164, '2017-3-7', '430,69', '9,04449', '96', '5', '4'),
(165, '2016-6-11', '703,44', '14,77224', '74', '7', '10'),
(166, '2017-4-5', '488,67', '10,26207', '75', '9', '1'),
(167, '2016-2-23', '553,95', '11,63295', '122', '5', '2'),
(168, '2017-12-20', '710,50', '14,9205', '41', '1', '8'),
(169, '2017-7-11', '292,23', '6,13683', '78', '6', '6'),
(170, '2016-6-4', '437,67', '9,19107', '89', '6', '11'),
(171, '2017-7-4', '610,27', '12,81567', '6', '8', '1'),
(172, '2016-11-7', '47,22', '0,99162', '70', '2', '1'),
(173, '2017-4-3', '784,48', '16,47408', '76', '5', '10'),
(174, '2016-5-6', '450,78', '9,46638', '60', '3', '10'),
(175, '2017-10-17', '929,96', '19,52916', '54', '8', '6'),
(176, '2017-10-24', '388,66', '8,16186', '8', '1', '6'),
(177, '2017-10-12', '481,57', '10,11297', '4', '8', '6'),
(178, '2017-10-19', '39,97', '0,83937', '79', '5', '8'),
(179, '2016-2-12', '278,54', '5,84934', '60', '6', '6'),
(180, '2016-3-23', '76,83', '1,61343', '30', '1', '7'),
(181, '2017-3-15', '662,76', '13,91796', '106', '9', '11'),
(182, '2017-3-15', '44,26', '0,92946', '108', '1', '11'),
(183, '2017-4-23', '738,18', '15,50178', '14', '4', '11'),
(184, '2016-6-15', '865,19', '18,16899', '22', '8', '4'),
(185, '2016-12-17', '305,1', '6,4071', '7', '1', '2'),
(186, '2016-5-21', '362,52', '7,61292', '85', '3', '2'),
(187, '2016-5-29', '979,84', '20,57664', '55', '9', '8'),
(188, '2016-2-15', '885,61', '18,59781', '65', '6', '6'),
(189, '2016-3-13', '768,26', '16,13346', '48', '1', '7'),
(190, '2016-5-7', '580,95', '12,19995', '4', '2', '8'),
(191, '2016-12-22', '613,2', '12,8772', '91', '3', '2'),
(192, '2016-1-19', '297,19', '6,24099', '75', '9', '1'),
(193, '2017-8-17', '499,54', '10,49034', '79', '6', '9'),
(194, '2017-10-29', '916,65', '19,24965', '45', '3', '1'),
(195, '2016-8-16', '331,21', '6,95541', '107', '1', '4'),
(196, '2017-7-29', '678,86', '14,25606', '11', '6', '8'),
(197, '2017-12-28', '95,51', '2,00571', '57', '8', '4'),
(198, '2017-1-2', '120,27', '2,52567', '37', '6', '4'),
(199, '2017-8-16', '802,14', '16,84494', '82', '4', '4'),
(200, '2017-8-12', '415,59', '8,72739', '49', '6', '3'),
(201, '2017-10-1', '325,89', '6,84369', '2', '4', '9'),
(202, '2016-2-24', '216,81', '4,55301', '67', '9', '5'),
(203, '2017-6-27', '512,42', '10,76082', '104', '9', '10'),
(204, '2017-8-10', '583,67', '12,25707', '7', '9', '4'),
(205, '2016-3-8', '912,44', '19,16124', '13', '3', '1'),
(206, '2016-9-22', '237,5', '4,9875', '28', '9', '2'),
(207, '2017-2-16', '19,90', '0,4179', '34', '3', '2'),
(208, '2017-8-29', '133,29', '2,79909', '42', '3', '9'),
(209, '2017-5-15', '189,10', '3,9711', '7', '7', '6'),
(210, '2017-1-8', '352,92', '7,41132', '121', '7', '6'),
(211, '2017-5-19', '327,20', '6,8712', '33', '8', '8'),
(212, '2017-8-13', '366,42', '7,69482', '59', '1', '1'),
(213, '2016-6-29', '925,44', '19,43424', '80', '4', '3'),
(214, '2016-2-29', '19,15', '0,40215', '40', '2', '9');





CREATE TABLE IF NOT EXISTS fac_det(
	fac_det_id int(11) NOT NULL AUTO_INCREMENT, #es la clave primaria 
	fac_det_cant int, 
	art_id int,
	fac_cab_id int,
	CONSTRAINT pk_fac_det PRIMARY KEY (fac_det_id),
	CONSTRAINT fk_art_id FOREIGN KEY (art_id) REFERENCES articulo(art_id),
	CONSTRAINT fk_fac_cab_id FOREIGN KEY (fac_cab_id) REFERENCES fac_cab(fac_cab_id)
);


INSERT INTO `fac_det`(`fac_det_id`, `fac_det_cant`, `art_id`, `fac_cab_id`) VALUES 
(1, '2', '10', '104'),
(2, '4', '48', '38'),
(3, '3', '163', '29'),
(4, '2', '179', '183'),
(5, '1', '142', '132'),
(6, '3', '256', '41'),
(7, '4', '201', '36'),
(8, '2', '197', '44'),
(9, '5', '85', '91'),
(10, '1', '234', '2'),
(11, '4', '132', '28'),
(12, '4', '199', '116'),
(13, '5', '280', '40'),
(14, '3', '160', '207'),
(15, '1', '241', '80'),
(16, '3', '141', '152'),
(17, '5', '24', '203'),
(18, '1', '237', '144'),
(19, '4', '32', '156'),
(20, '3', '137', '96'),
(21, '3', '184', '31'),
(22, '2', '255', '18'),
(23, '5', '239', '154'),
(24, '1', '17', '138'),
(25, '3', '50', '103'),
(26, '4', '210', '194'),
(27, '3', '174', '157'),
(28, '4', '17', '20'),
(29, '5', '90', '145'),
(30, '5', '104', '122'),
(31, '5', '257', '148'),
(32, '3', '104', '168'),
(33, '5', '48', '152'),
(34, '4', '159', '134'),
(35, '4', '119', '156'),
(36, '2', '145', '144'),
(37, '1', '132', '27'),
(38, '5', '121', '15'),
(39, '2', '152', '203'),
(40, '3', '202', '100'),
(41, '5', '235', '3'),
(42, '3', '219', '183'),
(43, '4', '297', '136'),
(44, '1', '38', '50'),
(45, '3', '140', '181'),
(46, '2', '137', '150'),
(47, '3', '288', '167'),
(48, '4', '202', '57'),
(49, '5', '139', '11'),
(50, '1', '9', '56'),
(51, '1', '148', '161'),
(52, '2', '187', '30'),
(53, '1', '283', '124'),
(54, '5', '261', '168'),
(55, '3', '118', '201'),
(56, '5', '86', '171'),
(57, '4', '219', '1'),
(58, '3', '228', '93'),
(59, '4', '84', '25'),
(60, '1', '174', '12'),
(61, '3', '70', '162'),
(62, '4', '79', '173'),
(63, '5', '167', '160'),
(64, '5', '62', '10'),
(65, '5', '86', '24'),
(66, '1', '213', '81'),
(67, '4', '68', '40'),
(68, '4', '122', '208'),
(69, '3', '110', '76'),
(70, '2', '85', '17'),
(71, '5', '254', '162'),
(72, '2', '100', '155'),
(73, '5', '177', '16'),
(74, '3', '132', '170'),
(75, '2', '180', '62'),
(76, '4', '19', '203'),
(77, '3', '141', '43'),
(78, '3', '50', '197'),
(79, '1', '270', '67'),
(80, '4', '17', '139'),
(81, '3', '90', '113'),
(82, '5', '179', '41'),
(83, '1', '281', '62'),
(84, '4', '192', '120'),
(85, '4', '247', '183'),
(86, '4', '141', '89'),
(87, '2', '35', '173'),
(88, '2', '126', '26'),
(89, '1', '292', '146'),
(90, '2', '251', '189'),
(91, '1', '127', '77'),
(92, '4', '4', '75'),
(93, '1', '121', '94'),
(94, '4', '253', '14'),
(95, '3', '245', '112'),
(96, '1', '174', '157'),
(97, '5', '250', '166'),
(98, '3', '56', '78'),
(99, '2', '171', '205'),
(100, '2', '262', '142'),
(101, '1', '165', '25'),
(102, '3', '238', '167'),
(103, '3', '9', '57'),
(104, '3', '290', '47'),
(105, '1', '141', '1'),
(106, '4', '1', '144'),
(107, '3', '85', '53'),
(108, '2', '35', '138'),
(109, '2', '27', '213'),
(110, '4', '216', '22'),
(111, '4', '247', '56'),
(112, '4', '58', '25'),
(113, '5', '245', '212'),
(114, '1', '291', '155'),
(115, '3', '154', '136'),
(116, '1', '46', '91'),
(117, '3', '12', '155'),
(118, '5', '226', '147'),
(119, '2', '293', '1'),
(120, '2', '157', '99'),
(121, '2', '262', '10'),
(122, '4', '228', '157'),
(123, '5', '46', '36'),
(124, '2', '225', '135'),
(125, '2', '201', '12'),
(126, '5', '39', '59'),
(127, '1', '82', '212'),
(128, '2', '158', '169'),
(129, '2', '237', '159'),
(130, '3', '25', '35'),
(131, '1', '249', '195'),
(132, '3', '159', '163'),
(133, '1', '220', '17'),
(134, '1', '32', '162'),
(135, '2', '172', '121'),
(136, '2', '60', '15'),
(137, '4', '132', '108'),
(138, '2', '157', '180'),
(139, '1', '254', '130'),
(140, '3', '293', '39'),
(141, '2', '265', '210'),
(142, '4', '220', '28'),
(143, '3', '255', '69'),
(144, '2', '171', '96'),
(145, '2', '183', '71'),
(146, '1', '123', '51'),
(147, '1', '85', '49'),
(148, '4', '276', '131'),
(149, '3', '231', '108'),
(150, '4', '282', '70'),
(151, '1', '124', '152'),
(152, '3', '245', '189'),
(153, '5', '110', '172'),
(154, '1', '83', '205'),
(155, '5', '17', '40'),
(156, '4', '172', '107'),
(157, '5', '96', '89'),
(158, '1', '209', '57'),
(159, '5', '43', '189'),
(160, '3', '51', '4'),
(161, '1', '72', '210'),
(162, '2', '295', '209'),
(163, '5', '184', '67'),
(164, '5', '209', '123'),
(165, '5', '33', '157'),
(166, '3', '87', '142'),
(167, '2', '195', '197'),
(168, '4', '65', '204'),
(169, '3', '84', '189'),
(170, '4', '156', '42'),
(171, '2', '96', '206'),
(172, '1', '167', '108'),
(173, '2', '270', '101'),
(174, '1', '296', '75'),
(175, '4', '142', '194'),
(176, '5', '139', '147'),
(177, '5', '57', '125'),
(178, '2', '252', '72'),
(179, '5', '231', '155'),
(180, '4', '166', '94'),
(181, '1', '227', '40'),
(182, '3', '175', '48'),
(183, '2', '211', '111'),
(184, '1', '47', '87'),
(185, '4', '3', '47'),
(186, '5', '162', '44'),
(187, '4', '218', '139'),
(188, '1', '248', '184'),
(189, '3', '63', '114'),
(190, '1', '153', '1'),
(191, '3', '253', '37'),
(192, '2', '217', '203'),
(193, '3', '24', '76'),
(194, '3', '6', '193'),
(195, '1', '94', '13'),
(196, '3', '67', '13'),
(197, '3', '152', '141'),
(198, '3', '214', '104'),
(199, '5', '193', '166'),
(200, '3', '136', '6'),
(201, '1', '88', '116'),
(202, '5', '148', '108'),
(203, '1', '170', '42'),
(204, '2', '88', '24'),
(205, '5', '281', '32'),
(206, '3', '110', '204'),
(207, '4', '67', '151'),
(208, '5', '34', '28'),
(209, '4', '248', '1'),
(210, '3', '39', '50'),
(211, '1', '213', '78'),
(212, '5', '122', '36'),
(213, '5', '179', '173'),
(214, '5', '2', '183'),
(215, '5', '240', '120'),
(216, '3', '222', '25'),
(217, '4', '257', '169'),
(218, '2', '263', '53'),
(219, '1', '170', '72'),
(220, '4', '297', '103'),
(221, '2', '67', '113'),
(222, '2', '270', '10'),
(223, '5', '235', '160'),
(224, '5', '244', '203'),
(225, '5', '294', '181'),
(226, '1', '30', '93'),
(227, '5', '288', '31'),
(228, '3', '161', '105'),
(229, '1', '284', '2'),
(230, '1', '185', '24'),
(231, '4', '16', '8'),
(232, '4', '121', '22'),
(233, '2', '105', '168'),
(234, '1', '249', '204'),
(235, '1', '73', '109'),
(236, '3', '258', '163'),
(237, '1', '37', '26'),
(238, '4', '289', '118'),
(239, '3', '191', '116'),
(240, '5', '45', '119'),
(241, '1', '197', '87'),
(242, '2', '125', '82'),
(243, '3', '295', '124'),
(244, '1', '243', '171'),
(245, '5', '117', '16'),
(246, '5', '12', '202'),
(247, '3', '87', '188'),
(248, '1', '42', '88'),
(249, '4', '194', '28'),
(250, '4', '233', '140'),
(251, '5', '227', '151'),
(252, '4', '123', '182'),
(253, '5', '276', '175'),
(254, '3', '259', '59'),
(255, '4', '129', '80'),
(256, '3', '297', '125'),
(257, '3', '185', '213'),
(258, '3', '163', '43'),
(259, '2', '109', '84'),
(260, '3', '297', '70'),
(261, '2', '104', '57'),
(262, '2', '275', '14'),
(263, '3', '181', '118'),
(264, '5', '220', '15'),
(265, '1', '36', '178'),
(266, '1', '276', '212'),
(267, '3', '273', '155'),
(268, '1', '11', '91'),
(269, '2', '205', '49'),
(270, '4', '167', '6'),
(271, '5', '133', '89'),
(272, '5', '75', '154'),
(273, '5', '292', '161'),
(274, '4', '263', '76'),
(275, '1', '260', '181'),
(276, '1', '159', '12'),
(277, '2', '178', '49'),
(278, '5', '296', '75'),
(279, '2', '193', '18'),
(280, '2', '140', '126'),
(281, '2', '43', '29'),
(282, '3', '36', '162'),
(283, '2', '184', '69'),
(284, '1', '90', '48'),
(285, '5', '149', '120'),
(286, '2', '172', '183'),
(287, '3', '184', '185'),
(288, '3', '165', '51'),
(289, '4', '19', '139'),
(290, '1', '256', '212'),
(291, '5', '112', '96'),
(292, '4', '129', '83'),
(293, '5', '144', '46'),
(294, '5', '107', '125'),
(295, '5', '199', '194'),
(296, '3', '195', '124'),
(297, '4', '185', '20'),
(298, '3', '155', '80'),
(299, '3', '150', '175'),
(300, '1', '239', '104'),
(301, '2', '16', '130'),
(302, '2', '53', '136'),
(303, '1', '294', '180'),
(304, '1', '20', '21'),
(305, '5', '250', '214'),
(306, '1', '186', '204'),
(307, '1', '144', '167'),
(308, '1', '130', '147'),
(309, '4', '43', '38'),
(310, '2', '252', '53'),
(311, '1', '228', '47'),
(312, '3', '268', '135'),
(313, '5', '236', '77'),
(314, '4', '200', '175'),
(315, '5', '23', '115'),
(316, '2', '9', '210'),
(317, '1', '273', '68'),
(318, '2', '52', '99'),
(319, '1', '37', '123'),
(320, '3', '161', '208'),
(321, '5', '161', '192'),
(322, '5', '237', '211'),
(323, '2', '165', '214'),
(324, '1', '294', '47'),
(325, '1', '79', '45'),
(326, '1', '232', '190'),
(327, '2', '248', '85'),
(328, '1', '144', '204'),
(329, '1', '290', '148'),
(330, '3', '107', '104'),
(331, '4', '274', '156'),
(332, '2', '232', '46'),
(333, '1', '30', '104'),
(334, '1', '17', '75'),
(335, '4', '277', '89'),
(336, '5', '115', '183'),
(337, '4', '261', '37'),
(338, '3', '258', '132'),
(339, '1', '154', '108'),
(340, '5', '136', '206'),
(341, '3', '236', '181'),
(342, '4', '217', '114'),
(343, '5', '201', '196'),
(344, '2', '117', '53'),
(345, '5', '191', '149'),
(346, '3', '257', '104'),
(347, '5', '148', '81'),
(348, '5', '183', '43'),
(349, '2', '106', '2'),
(350, '2', '231', '164'),
(351, '2', '143', '13'),
(352, '2', '24', '132'),
(353, '1', '113', '62'),
(354, '1', '195', '58'),
(355, '1', '295', '55'),
(356, '5', '57', '163'),
(357, '5', '63', '143'),
(358, '2', '226', '150'),
(359, '2', '246', '70'),
(360, '4', '163', '79'),
(361, '5', '126', '56'),
(362, '1', '12', '194'),
(363, '1', '293', '83'),
(364, '5', '248', '96'),
(365, '1', '217', '57'),
(366, '4', '233', '99'),
(367, '1', '59', '137'),
(368, '2', '162', '21'),
(369, '3', '120', '155'),
(370, '1', '115', '6'),
(371, '2', '69', '54'),
(372, '4', '237', '95'),
(373, '5', '225', '175'),
(374, '1', '185', '100'),
(375, '4', '169', '164'),
(376, '1', '195', '43'),
(377, '3', '134', '57'),
(378, '5', '223', '102'),
(379, '3', '208', '158'),
(380, '5', '148', '104'),
(381, '5', '263', '18'),
(382, '2', '231', '29'),
(383, '5', '15', '8'),
(384, '5', '265', '38'),
(385, '3', '62', '68'),
(386, '1', '255', '129'),
(387, '5', '119', '145'),
(388, '5', '82', '47'),
(389, '1', '57', '171'),
(390, '2', '130', '14'),
(391, '3', '186', '106'),
(392, '1', '76', '64'),
(393, '2', '180', '203'),
(394, '4', '42', '47'),
(395, '5', '173', '1'),
(396, '1', '290', '124'),
(397, '5', '196', '171'),
(398, '1', '203', '88'),
(399, '4', '46', '1'),
(400, '2', '31', '78'),
(401, '2', '214', '23'),
(402, '4', '58', '213'),
(403, '1', '190', '44'),
(404, '1', '109', '6'),
(405, '5', '163', '39'),
(406, '2', '101', '130'),
(407, '4', '16', '207'),
(408, '5', '116', '175'),
(409, '2', '34', '121'),
(410, '4', '81', '109'),
(411, '5', '71', '170'),
(412, '5', '160', '10'),
(413, '3', '115', '201'),
(414, '4', '104', '132'),
(415, '4', '95', '126'),
(416, '2', '30', '86'),
(417, '3', '119', '23'),
(418, '4', '219', '80'),
(419, '4', '140', '204'),
(420, '3', '224', '47'),
(421, '1', '118', '131'),
(422, '5', '177', '72'),
(423, '5', '247', '205'),
(424, '2', '139', '31'),
(425, '3', '20', '150'),
(426, '5', '175', '19'),
(427, '5', '21', '132'),
(428, '5', '143', '155'),
(429, '5', '142', '206'),
(430, '5', '141', '193'),
(431, '2', '16', '64'),
(432, '4', '225', '74'),
(433, '4', '214', '131'),
(434, '1', '139', '125'),
(435, '2', '1', '132'),
(436, '5', '145', '36'),
(437, '1', '31', '146'),
(438, '1', '213', '204'),
(439, '5', '189', '41'),
(440, '5', '227', '176'),
(441, '4', '83', '185'),
(442, '1', '222', '111'),
(443, '3', '281', '139'),
(444, '3', '83', '8'),
(445, '1', '218', '135'),
(446, '5', '71', '33'),
(447, '5', '144', '130'),
(448, '4', '81', '143'),
(449, '1', '241', '85'),
(450, '3', '180', '194'),
(451, '1', '138', '51'),
(452, '5', '73', '43'),
(453, '5', '178', '35'),
(454, '1', '1', '108'),
(455, '5', '91', '10'),
(456, '1', '28', '43'),
(457, '3', '12', '167'),
(458, '2', '82', '123'),
(459, '3', '282', '192'),
(460, '4', '86', '46'),
(461, '1', '280', '100'),
(462, '2', '54', '52'),
(463, '2', '219', '40'),
(464, '4', '150', '188'),
(465, '5', '208', '101'),
(466, '5', '219', '105'),
(467, '5', '162', '35'),
(468, '1', '250', '95'),
(469, '1', '42', '13'),
(470, '4', '30', '77'),
(471, '2', '149', '160'),
(472, '5', '42', '80'),
(473, '4', '76', '189'),
(474, '4', '181', '16'),
(475, '4', '209', '60'),
(476, '2', '139', '29'),
(477, '3', '61', '170'),
(478, '5', '232', '14'),
(479, '5', '76', '104'),
(480, '3', '206', '21'),
(481, '4', '209', '159'),
(482, '2', '21', '202'),
(483, '3', '18', '134'),
(484, '1', '161', '11'),
(485, '4', '182', '8'),
(486, '4', '2', '152'),
(487, '2', '15', '135'),
(488, '5', '283', '176'),
(489, '3', '133', '122'),
(490, '3', '278', '145'),
(491, '3', '224', '34'),
(492, '2', '190', '60'),
(493, '2', '157', '194'),
(494, '3', '81', '201'),
(495, '2', '165', '8'),
(496, '4', '21', '42'),
(497, '3', '132', '41'),
(498, '5', '91', '144'),
(499, '1', '127', '115'),
(500, '4', '196', '62'),
(501, '2', '231', '146'),
(502, '3', '15', '40'),
(503, '4', '147', '201'),
(504, '5', '21', '77'),
(505, '5', '46', '141'),
(506, '3', '125', '17'),
(507, '2', '148', '147'),
(508, '5', '238', '78'),
(509, '1', '51', '174'),
(510, '2', '53', '163'),
(511, '1', '275', '19'),
(512, '1', '277', '192'),
(513, '3', '290', '212'),
(514, '3', '169', '81'),
(515, '2', '135', '189'),
(516, '1', '277', '4'),
(517, '1', '20', '24'),
(518, '5', '108', '4'),
(519, '5', '95', '133'),
(520, '1', '257', '176'),
(521, '2', '55', '121'),
(522, '2', '77', '39'),
(523, '5', '67', '146'),
(524, '1', '282', '4'),
(525, '4', '68', '16'),
(526, '1', '20', '116'),
(527, '1', '169', '213'),
(528, '2', '167', '86'),
(529, '3', '169', '27'),
(530, '3', '285', '50'),
(531, '5', '285', '68'),
(532, '3', '54', '8'),
(533, '2', '112', '92'),
(534, '1', '88', '50'),
(535, '1', '113', '154'),
(536, '5', '147', '207'),
(537, '3', '83', '153'),
(538, '4', '29', '150'),
(539, '3', '203', '66'),
(540, '1', '283', '39'),
(541, '5', '2', '58'),
(542, '4', '9', '151'),
(543, '3', '204', '196'),
(544, '1', '184', '214'),
(545, '4', '179', '208'),
(546, '3', '59', '61'),
(547, '4', '207', '89'),
(548, '1', '232', '179'),
(549, '2', '105', '114'),
(550, '5', '100', '102'),
(551, '2', '5', '158'),
(552, '3', '8', '40'),
(553, '2', '187', '143'),
(554, '1', '80', '150'),
(555, '3', '215', '52'),
(556, '3', '283', '124'),
(557, '5', '179', '111'),
(558, '3', '116', '160'),
(559, '1', '295', '61'),
(560, '5', '116', '44'),
(561, '1', '27', '73'),
(562, '2', '257', '114'),
(563, '1', '27', '13'),
(564, '4', '106', '39'),
(565, '4', '203', '167'),
(566, '1', '287', '184'),
(567, '2', '105', '123'),
(568, '3', '74', '95'),
(569, '2', '231', '100'),
(570, '1', '124', '125'),
(571, '5', '156', '149'),
(572, '4', '242', '176'),
(573, '2', '83', '135'),
(574, '4', '33', '143'),
(575, '5', '57', '123'),
(576, '4', '146', '192'),
(577, '1', '102', '108'),
(578, '2', '224', '37'),
(579, '3', '90', '112'),
(580, '5', '103', '27'),
(581, '4', '266', '209'),
(582, '2', '10', '83'),
(583, '5', '92', '108'),
(584, '5', '178', '207'),
(585, '2', '123', '153'),
(586, '3', '277', '1'),
(587, '2', '258', '193'),
(588, '3', '26', '141'),
(589, '3', '22', '73'),
(590, '5', '139', '160'),
(591, '4', '260', '177'),
(592, '1', '133', '198'),
(593, '3', '77', '147'),
(594, '4', '233', '124'),
(595, '2', '33', '142'),
(596, '2', '230', '188'),
(597, '3', '49', '48'),
(598, '1', '13', '94'),
(599, '3', '231', '140'),
(600, '5', '234', '41'),
(601, '4', '156', '185'),
(602, '5', '226', '56'),
(603, '4', '292', '93'),
(604, '5', '8', '181'),
(605, '2', '50', '33'),
(606, '3', '116', '33'),
(607, '5', '111', '104'),
(608, '1', '206', '166'),
(609, '4', '213', '119'),
(610, '2', '16', '98'),
(611, '2', '28', '182'),
(612, '2', '255', '9'),
(613, '4', '183', '28'),
(614, '5', '293', '179'),
(615, '3', '153', '115'),
(616, '5', '167', '101'),
(617, '5', '131', '52'),
(618, '1', '12', '124'),
(619, '1', '138', '10'),
(620, '5', '39', '34'),
(621, '2', '148', '57'),
(622, '2', '23', '175'),
(623, '1', '14', '4'),
(624, '1', '149', '150'),
(625, '5', '191', '30'),
(626, '3', '142', '142'),
(627, '3', '190', '207'),
(628, '5', '261', '160'),
(629, '3', '189', '180'),
(630, '1', '23', '208'),
(631, '2', '60', '31'),
(632, '5', '44', '8'),
(633, '4', '80', '63'),
(634, '4', '31', '187'),
(635, '3', '222', '64'),
(636, '2', '216', '1'),
(637, '3', '40', '21'),
(638, '4', '91', '35'),
(639, '2', '153', '172'),
(640, '3', '88', '186'),
(641, '1', '51', '162'),
(642, '4', '146', '55'),
(643, '5', '84', '30'),
(644, '1', '249', '34'),
(645, '2', '204', '96'),
(646, '1', '3', '104'),
(647, '5', '67', '6'),
(648, '3', '247', '148'),
(649, '5', '48', '114'),
(650, '3', '94', '95'),
(651, '1', '196', '148'),
(652, '2', '26', '41'),
(653, '1', '275', '201'),
(654, '3', '286', '34'),
(655, '2', '94', '176'),
(656, '5', '263', '1'),
(657, '3', '136', '84'),
(658, '2', '122', '46'),
(659, '2', '248', '128'),
(660, '5', '122', '184'),
(661, '2', '37', '44'),
(662, '3', '45', '8'),
(663, '1', '181', '202'),
(664, '3', '62', '170'),
(665, '5', '9', '158'),
(666, '4', '79', '19'),
(667, '2', '156', '143'),
(668, '1', '168', '65'),
(669, '4', '255', '32'),
(670, '5', '91', '30'),
(671, '4', '163', '135'),
(672, '5', '34', '14'),
(673, '1', '173', '17'),
(674, '3', '248', '76'),
(675, '1', '250', '41'),
(676, '1', '200', '133'),
(677, '2', '152', '30'),
(678, '4', '77', '131'),
(679, '3', '203', '112'),
(680, '5', '179', '207'),
(681, '1', '24', '185'),
(682, '3', '238', '45'),
(683, '1', '103', '4'),
(684, '5', '93', '51'),
(685, '3', '207', '107'),
(686, '1', '137', '2'),
(687, '2', '266', '22'),
(688, '1', '121', '80'),
(689, '5', '43', '149'),
(690, '2', '202', '202'),
(691, '2', '258', '20'),
(692, '4', '33', '6'),
(693, '1', '286', '102'),
(694, '3', '29', '198'),
(695, '3', '270', '106'),
(696, '3', '40', '13'),
(697, '3', '222', '35'),
(698, '3', '121', '64'),
(699, '4', '166', '46'),
(700, '4', '287', '71'),
(701, '3', '116', '19'),
(702, '3', '181', '43'),
(703, '5', '191', '102'),
(704, '3', '219', '168'),
(705, '2', '274', '175'),
(706, '5', '87', '103'),
(707, '2', '23', '25'),
(708, '2', '129', '112'),
(709, '2', '283', '91'),
(710, '2', '179', '79'),
(711, '2', '123', '198'),
(712, '2', '284', '194'),
(713, '3', '156', '12'),
(714, '2', '136', '89'),
(715, '1', '246', '33'),
(716, '3', '273', '138'),
(717, '5', '208', '78'),
(718, '1', '128', '212'),
(719, '2', '30', '38'),
(720, '4', '150', '80'),
(721, '4', '62', '202'),
(722, '2', '54', '47'),
(723, '3', '193', '53'),
(724, '1', '194', '64'),
(725, '1', '51', '171'),
(726, '5', '284', '10'),
(727, '2', '210', '209'),
(728, '3', '40', '56'),
(729, '4', '46', '39'),
(730, '3', '229', '14'),
(731, '4', '130', '171'),
(732, '2', '185', '183'),
(733, '3', '180', '159'),
(734, '2', '72', '130'),
(735, '1', '296', '199'),
(736, '2', '243', '17'),
(737, '2', '72', '170'),
(738, '2', '244', '172'),
(739, '2', '148', '169'),
(740, '2', '284', '123'),
(741, '3', '250', '3'),
(742, '3', '55', '75'),
(743, '5', '29', '161'),
(744, '1', '213', '124'),
(745, '3', '203', '51'),
(746, '1', '16', '13'),
(747, '2', '215', '50'),
(748, '3', '118', '65'),
(749, '2', '284', '67'),
(750, '5', '114', '147'),
(751, '2', '85', '140'),
(752, '4', '203', '188'),
(753, '1', '87', '2'),
(754, '5', '21', '148'),
(755, '2', '239', '151'),
(756, '5', '257', '163'),
(757, '3', '21', '191'),
(758, '1', '206', '131'),
(759, '5', '89', '136'),
(760, '3', '127', '207'),
(761, '2', '279', '204'),
(762, '4', '201', '171'),
(763, '5', '29', '138'),
(764, '2', '87', '137'),
(765, '2', '256', '34'),
(766, '5', '91', '105'),
(767, '2', '273', '135'),
(768, '5', '184', '212'),
(769, '2', '256', '179'),
(770, '4', '202', '146'),
(771, '3', '265', '127'),
(772, '1', '50', '211'),
(773, '5', '205', '184'),
(774, '3', '85', '74'),
(775, '5', '211', '142'),
(776, '4', '165', '201'),
(777, '2', '252', '188'),
(778, '1', '83', '99'),
(779, '3', '37', '145'),
(780, '4', '149', '132'),
(781, '3', '115', '165'),
(782, '4', '266', '108'),
(783, '1', '13', '106'),
(784, '5', '49', '112'),
(785, '1', '152', '72'),
(786, '1', '123', '40'),
(787, '3', '261', '179'),
(788, '4', '47', '113'),
(789, '5', '36', '203'),
(790, '1', '49', '111'),
(791, '2', '274', '99'),
(792, '1', '141', '89'),
(793, '3', '42', '70'),
(794, '3', '227', '152'),
(795, '1', '43', '161'),
(796, '5', '229', '112'),
(797, '2', '274', '8'),
(798, '1', '151', '172'),
(799, '2', '44', '98'),
(800, '5', '240', '38'),
(801, '1', '248', '102'),
(802, '4', '71', '143'),
(803, '1', '203', '87'),
(804, '3', '191', '127'),
(805, '1', '209', '35'),
(806, '2', '116', '87'),
(807, '2', '261', '43'),
(808, '3', '102', '101'),
(809, '3', '282', '15'),
(810, '4', '31', '58'),
(811, '4', '4', '157'),
(812, '5', '116', '151'),
(813, '1', '265', '81'),
(814, '3', '75', '165'),
(815, '5', '190', '76'),
(816, '4', '243', '95'),
(817, '4', '10', '168'),
(818, '5', '43', '171'),
(819, '3', '244', '177'),
(820, '2', '71', '4'),
(821, '5', '19', '155'),
(822, '3', '96', '112'),
(823, '5', '78', '14'),
(824, '2', '136', '73'),
(825, '2', '229', '54'),
(826, '3', '149', '213'),
(827, '2', '105', '122'),
(828, '5', '53', '164'),
(829, '5', '41', '89'),
(830, '5', '282', '125'),
(831, '2', '117', '207'),
(832, '3', '146', '165'),
(833, '1', '193', '196'),
(834, '1', '11', '164'),
(835, '2', '158', '172'),
(836, '3', '133', '61'),
(837, '4', '294', '129'),
(838, '5', '160', '22'),
(839, '3', '158', '173'),
(840, '2', '226', '34'),
(841, '2', '94', '6'),
(842, '4', '123', '179'),
(843, '5', '272', '61'),
(844, '4', '6', '184'),
(845, '2', '187', '171'),
(846, '4', '108', '16'),
(847, '2', '208', '29'),
(848, '2', '93', '61'),
(849, '3', '269', '153'),
(850, '3', '70', '66'),
(851, '1', '212', '5'),
(852, '4', '12', '104'),
(853, '1', '80', '202'),
(854, '1', '208', '139'),
(855, '1', '61', '169'),
(856, '3', '4', '214'),
(857, '3', '218', '90'),
(858, '2', '270', '60'),
(859, '5', '140', '196'),
(860, '2', '134', '134'),
(861, '5', '258', '127'),
(862, '4', '37', '81'),
(863, '3', '54', '26'),
(864, '3', '152', '103'),
(865, '4', '56', '53'),
(866, '2', '26', '198'),
(867, '4', '52', '123'),
(868, '2', '58', '131'),
(869, '4', '22', '178'),
(870, '2', '273', '13'),
(871, '5', '228', '20'),
(872, '3', '41', '133'),
(873, '4', '210', '193'),
(874, '5', '260', '156'),
(875, '3', '240', '185'),
(876, '2', '225', '54'),
(877, '5', '173', '167'),
(878, '2', '265', '186'),
(879, '4', '45', '175'),
(880, '3', '163', '91'),
(881, '3', '43', '68'),
(882, '3', '41', '168'),
(883, '1', '213', '122'),
(884, '3', '280', '164'),
(885, '5', '101', '190'),
(886, '2', '28', '178'),
(887, '5', '250', '28'),
(888, '2', '61', '105'),
(889, '2', '282', '40'),
(890, '1', '171', '65'),
(891, '1', '75', '28'),
(892, '3', '36', '38'),
(893, '4', '47', '72'),
(894, '1', '66', '212'),
(895, '2', '266', '42'),
(896, '5', '295', '207'),
(897, '1', '277', '197'),
(898, '5', '132', '173'),
(899, '3', '154', '90'),
(900, '4', '114', '152'),
(901, '2', '184', '49'),
(902, '1', '206', '165'),
(903, '3', '291', '73'),
(904, '3', '172', '119'),
(905, '3', '166', '167'),
(906, '4', '17', '127'),
(907, '5', '85', '210'),
(908, '1', '87', '190'),
(909, '3', '101', '96'),
(910, '1', '200', '66'),
(911, '3', '125', '117'),
(912, '5', '94', '97'),
(913, '5', '19', '47'),
(914, '3', '135', '101'),
(915, '5', '97', '50'),
(916, '3', '60', '68'),
(917, '3', '295', '60'),
(918, '1', '164', '182'),
(919, '2', '212', '76'),
(920, '3', '224', '61'),
(921, '2', '226', '149'),
(922, '1', '265', '185'),
(923, '3', '216', '109'),
(924, '3', '93', '85'),
(925, '5', '197', '60'),
(926, '1', '189', '98'),
(927, '4', '33', '4'),
(928, '2', '35', '96'),
(929, '5', '124', '95'),
(930, '3', '297', '166'),
(931, '1', '296', '202'),
(932, '2', '284', '90'),
(933, '3', '125', '193'),
(934, '2', '29', '126'),
(935, '4', '71', '56'),
(936, '1', '91', '91'),
(937, '1', '157', '206'),
(938, '2', '235', '40'),
(939, '4', '286', '134'),
(940, '4', '224', '173'),
(941, '3', '48', '188'),
(942, '3', '109', '76'),
(943, '5', '258', '200'),
(944, '4', '65', '200'),
(945, '4', '252', '65'),
(946, '3', '260', '196'),
(947, '1', '242', '110'),
(948, '3', '195', '102'),
(949, '3', '47', '88'),
(950, '2', '173', '102'),
(951, '2', '97', '80'),
(952, '3', '158', '10'),
(953, '2', '170', '63'),
(954, '2', '160', '2'),
(955, '5', '225', '204'),
(956, '2', '3', '110'),
(957, '1', '243', '136'),
(958, '1', '225', '54'),
(959, '1', '44', '83'),
(960, '4', '58', '121'),
(961, '3', '280', '75'),
(962, '2', '160', '32'),
(963, '4', '47', '190'),
(964, '2', '40', '149'),
(965, '4', '187', '195'),
(966, '3', '229', '8'),
(967, '3', '273', '5'),
(968, '2', '76', '74'),
(969, '4', '70', '110'),
(970, '5', '239', '150'),
(971, '5', '40', '21'),
(972, '4', '31', '119'),
(973, '5', '81', '191'),
(974, '2', '102', '24'),
(975, '1', '142', '136'),
(976, '3', '245', '78'),
(977, '5', '117', '175'),
(978, '1', '110', '74'),
(979, '2', '287', '3'),
(980, '1', '202', '209'),
(981, '5', '102', '106'),
(982, '3', '181', '188'),
(983, '4', '267', '194'),
(984, '3', '79', '142'),
(985, '3', '219', '41'),
(986, '3', '76', '102'),
(987, '2', '239', '193'),
(988, '1', '167', '121'),
(989, '3', '82', '24'),
(990, '1', '293', '165'),
(991, '1', '264', '166'),
(992, '5', '274', '104'),
(993, '4', '154', '92'),
(994, '5', '20', '155'),
(995, '5', '154', '129'),
(996, '1', '144', '54'),
(997, '5', '80', '167'),
(998, '1', '106', '76'),
(999, '4', '171', '103');